Date,Ticker,Close,Volume
2020-01-01,AAPL,100.8,53891805
2020-01-02,AAPL,100.64,47244071
2020-01-03,AAPL,101.67,45909005
2020-01-04,AAPL,104.07,49983127
2020-01-05,AAPL,103.76,49149076
2020-01-06,AAPL,103.45,47733859
2020-01-07,AAPL,105.98,53481937
2020-01-08,AAPL,107.26,54776526
2020-01-09,AAPL,106.56,50442034
2020-01-10,AAPL,107.49,57387650
2020-01-11,AAPL,106.8,44291554
2020-01-12,AAPL,106.11,49031702
2020-01-13,AAPL,106.55,46415888
2020-01-14,AAPL,103.58,40667316
2020-01-15,AAPL,100.99,49586596
2020-01-16,AAPL,100.19,49391262
2020-01-17,AAPL,98.73,57567248
2020-01-18,AAPL,99.24,53154058
2020-01-19,AAPL,97.95,44879065
2020-01-20,AAPL,95.95,59270462
2020-01-21,AAPL,98.13,56105168
2020-01-22,AAPL,97.84,52910488
2020-01-23,AAPL,97.99,48867579
2020-01-24,AAPL,95.97,45202803
2020-01-25,AAPL,95.24,48138966
2020-01-26,AAPL,95.44,55443743
2020-01-27,AAPL,93.86,59422931
2020-01-28,AAPL,94.43,57716217
2020-01-29,AAPL,93.63,47555752
2020-01-30,AAPL,93.27,44401912
2020-01-31,AAPL,92.48,50704431
2020-02-01,AAPL,95.13,41157803
2020-02-02,AAPL,95.16,51615838
2020-02-03,AAPL,93.71,49261987
2020-02-04,AAPL,94.92,47669817
2020-02-05,AAPL,93.24,42026484
2020-02-06,AAPL,93.58,52568000
2020-02-07,AAPL,90.92,47336495
2020-02-08,AAPL,89.17,44150415
2020-02-09,AAPL,89.48,35638688
2020-02-10,AAPL,90.52,49862425
2020-02-11,AAPL,90.8,58861257
2020-02-12,AAPL,90.69,58306296
2020-02-13,AAPL,90.32,47714518
2020-02-14,AAPL,88.39,46988939
2020-02-15,AAPL,87.48,52343871
2020-02-16,AAPL,86.92,45008072
2020-02-17,AAPL,88.35,51508959
2020-02-18,AAPL,88.86,53830401
2020-02-19,AAPL,86.58,56134666
2020-02-20,AAPL,87.05,49499229
2020-02-21,AAPL,86.59,48981631
2020-02-22,AAPL,85.76,45610087
2020-02-23,AAPL,86.59,45865598
2020-02-24,AAPL,87.98,48867605
2020-02-25,AAPL,89.26,51836827
2020-02-26,AAPL,88.19,54567923
2020-02-27,AAPL,87.83,45984105
2020-02-28,AAPL,88.31,57463442
2020-02-29,AAPL,89.66,48644381
2020-03-01,AAPL,89.06,49893163
2020-03-02,AAPL,88.86,46263941
2020-03-03,AAPL,87.44,37878798
2020-03-04,AAPL,85.92,54420226
2020-03-05,AAPL,87.02,53684219
2020-03-06,AAPL,88.85,48593362
2020-03-07,AAPL,88.8,50334953
2020-03-08,AAPL,90.2,52579696
2020-03-09,AAPL,90.73,42187270
2020-03-10,AAPL,89.9,47354736
2020-03-11,AAPL,90.44,53971323
2020-03-12,AAPL,92.59,43728552
2020-03-13,AAPL,92.59,51467789
2020-03-14,AAPL,94.84,43217090
2020-03-15,AAPL,91.23,52332149
2020-03-16,AAPL,92.4,49821792
2020-03-17,AAPL,92.57,41924340
2020-03-18,AAPL,92.2,55823696
2020-03-19,AAPL,92.38,46327042
2020-03-20,AAPL,89.71,45948737
2020-03-21,AAPL,89.46,51002845
2020-03-22,AAPL,89.98,55743186
2020-03-23,AAPL,92.05,44920890
2020-03-24,AAPL,91.38,50308399
2020-03-25,AAPL,90.32,52144082
2020-03-26,AAPL,89.69,53465528
2020-03-27,AAPL,90.98,50882207
2020-03-28,AAPL,91.47,48164860
2020-03-29,AAPL,90.79,45862048
2020-03-30,AAPL,91.54,50430719
2020-03-31,AAPL,91.72,44639304
2020-04-01,AAPL,93.11,35393247
2020-04-02,AAPL,92.18,52182799
2020-04-03,AAPL,91.77,54519674
2020-04-04,AAPL,91.28,38185337
2020-04-05,AAPL,89.34,44951346
2020-04-06,AAPL,89.79,53095771
2020-04-07,AAPL,90.18,60287477
2020-04-08,AAPL,90.24,50103968
2020-04-09,AAPL,89.96,46359985
2020-04-10,AAPL,88.12,49085517
2020-04-11,AAPL,87.61,56874382
2020-04-12,AAPL,87.2,46770179
2020-04-13,AAPL,86.2,46004039
2020-04-14,AAPL,86.04,47586282
2020-04-15,AAPL,86.6,45233356
2020-04-16,AAPL,89.13,50613351
2020-04-17,AAPL,89.41,58123392
2020-04-18,AAPL,89.8,51615396
2020-04-19,AAPL,89.75,48738232
2020-04-20,AAPL,87.24,48540943
2020-04-21,AAPL,87.25,42184045
2020-04-22,AAPL,87.37,54415548
2020-04-23,AAPL,90.71,49610814
2020-04-24,AAPL,90.49,49097600
2020-04-25,AAPL,90.95,65965537
2020-04-26,AAPL,90.95,51493764
2020-04-27,AAPL,89.41,46241044
2020-04-28,AAPL,91.0,47868212
2020-04-29,AAPL,92.08,55742228
2020-04-30,AAPL,93.23,50566352
2020-05-01,AAPL,92.01,42808610
2020-05-02,AAPL,94.01,54596144
2020-05-03,AAPL,92.1,46659279
2020-05-04,AAPL,92.96,59366488
2020-05-05,AAPL,96.12,55400240
2020-05-06,AAPL,94.75,47763390
2020-05-07,AAPL,93.99,56405081
2020-05-08,AAPL,94.18,50339277
2020-05-09,AAPL,93.52,54263868
2020-05-10,AAPL,91.41,52423664
2020-05-11,AAPL,91.55,45768216
2020-05-12,AAPL,90.15,46782250
2020-05-13,AAPL,90.84,55149804
2020-05-14,AAPL,89.64,48326123
2020-05-15,AAPL,91.79,47981757
2020-05-16,AAPL,90.77,45224387
2020-05-17,AAPL,90.38,52117995
2020-05-18,AAPL,91.53,60312624
2020-05-19,AAPL,89.9,44662335
2020-05-20,AAPL,90.25,50121097
2020-05-21,AAPL,92.09,57061102
2020-05-22,AAPL,89.94,49601793
2020-05-23,AAPL,90.23,52261858
2020-05-24,AAPL,90.63,44688032
2020-05-25,AAPL,91.74,52141535
2020-05-26,AAPL,90.1,49064278
2020-05-27,AAPL,88.38,54928649
2020-05-28,AAPL,89.12,55936930
2020-05-29,AAPL,89.56,62947818
2020-05-30,AAPL,89.94,52898165
2020-05-31,AAPL,90.46,51628981
2020-06-01,AAPL,89.59,50971921
2020-06-02,AAPL,89.94,48234168
2020-06-03,AAPL,90.38,51692419
2020-06-04,AAPL,89.47,48522992
2020-06-05,AAPL,92.05,50842304
2020-06-06,AAPL,92.75,56587987
2020-06-07,AAPL,91.16,44967287
2020-06-08,AAPL,92.1,55699392
2020-06-09,AAPL,90.81,56585575
2020-06-10,AAPL,91.94,49409657
2020-06-11,AAPL,93.6,39390725
2020-06-12,AAPL,92.5,46960890
2020-06-13,AAPL,93.89,56484972
2020-06-14,AAPL,94.52,49885659
2020-06-15,AAPL,95.74,45003488
2020-06-16,AAPL,98.55,47476125
2020-06-17,AAPL,98.24,54203100
2020-06-18,AAPL,97.19,52733667
2020-06-19,AAPL,95.95,48805339
2020-06-20,AAPL,94.83,48165877
2020-06-21,AAPL,94.76,48041209
2020-06-22,AAPL,95.3,45387949
2020-06-23,AAPL,95.74,58076878
2020-06-24,AAPL,96.99,48388397
2020-06-25,AAPL,97.05,56085792
2020-06-26,AAPL,99.24,57606580
2020-06-27,AAPL,98.9,54991554
2020-06-28,AAPL,103.07,47841898
2020-06-29,AAPL,104.09,52018650
2020-06-30,AAPL,102.81,49879021
2020-07-01,AAPL,101.23,45481490
2020-07-02,AAPL,102.01,51621796
2020-07-03,AAPL,101.72,44104801
2020-07-04,AAPL,102.87,55938396
2020-07-05,AAPL,103.65,47676913
2020-07-06,AAPL,103.59,51005798
2020-07-07,AAPL,102.34,51416439
2020-07-08,AAPL,100.09,48705475
2020-07-09,AAPL,99.47,52933469
2020-07-10,AAPL,100.8,47625481
2020-07-11,AAPL,101.18,54356486
2020-07-12,AAPL,99.36,43270101
2020-07-13,AAPL,99.66,50631897
2020-07-14,AAPL,100.29,59694644
2020-07-15,AAPL,99.02,44998343
2020-07-16,AAPL,99.3,46611275
2020-07-17,AAPL,99.43,52569539
2020-07-18,AAPL,97.79,50897908
2020-07-19,AAPL,98.37,51753150
2020-07-20,AAPL,99.25,52445935
2020-07-21,AAPL,100.93,53173607
2020-07-22,AAPL,102.58,55548499
2020-07-23,AAPL,100.54,52049093
2020-07-24,AAPL,99.18,48793711
2020-07-25,AAPL,100.0,53362868
2020-07-26,AAPL,100.83,59499409
2020-07-27,AAPL,101.66,49336831
2020-07-28,AAPL,107.76,45127353
2020-07-29,AAPL,108.74,55535403
2020-07-30,AAPL,110.66,49398094
2020-07-31,AAPL,112.32,39136652
2020-08-01,AAPL,113.48,54237108
2020-08-02,AAPL,113.0,47323359
2020-08-03,AAPL,114.35,49547333
2020-08-04,AAPL,113.09,51659901
2020-08-05,AAPL,112.74,50952498
2020-08-06,AAPL,111.98,53547259
2020-08-07,AAPL,112.17,47822568
2020-08-08,AAPL,116.19,52565528
2020-08-09,AAPL,113.04,48702266
2020-08-10,AAPL,114.27,53694052
2020-08-11,AAPL,111.59,53076837
2020-08-12,AAPL,110.86,45322806
2020-08-13,AAPL,112.74,55429910
2020-08-14,AAPL,112.91,47320182
2020-08-15,AAPL,111.15,54040288
2020-08-16,AAPL,110.02,51836436
2020-08-17,AAPL,111.2,59190918
2020-08-18,AAPL,110.05,48882670
2020-08-19,AAPL,110.46,48253416
2020-08-20,AAPL,110.59,49902901
2020-08-21,AAPL,109.57,48484101
2020-08-22,AAPL,113.21,53999709
2020-08-23,AAPL,114.35,41918446
2020-08-24,AAPL,110.98,44731587
2020-08-25,AAPL,111.35,44660985
2020-08-26,AAPL,110.3,54751537
2020-08-27,AAPL,111.78,58553066
2020-08-28,AAPL,110.51,49477753
2020-08-29,AAPL,110.38,49155891
2020-08-30,AAPL,111.27,50350260
2020-08-31,AAPL,112.78,55809391
2020-09-01,AAPL,110.83,45363234
2020-09-02,AAPL,110.33,51191844
2020-09-03,AAPL,109.6,54875988
2020-09-04,AAPL,108.58,52505470
2020-09-05,AAPL,111.55,50947908
2020-09-06,AAPL,112.29,55005230
2020-09-07,AAPL,110.24,36483838
2020-09-08,AAPL,111.83,53389376
2020-09-09,AAPL,115.5,46729621
2020-09-10,AAPL,117.36,40846835
2020-09-11,AAPL,114.77,52556012
2020-09-12,AAPL,114.0,56868292
2020-09-13,AAPL,116.25,49312757
2020-09-14,AAPL,115.08,54764372
2020-09-15,AAPL,115.9,58061391
2020-09-16,AAPL,117.32,56574572
2020-09-17,AAPL,115.75,58199822
2020-09-18,AAPL,115.71,53710637
2020-09-19,AAPL,110.27,50377168
2020-09-20,AAPL,108.65,41990170
2020-09-21,AAPL,108.29,48769687
2020-09-22,AAPL,106.33,45783767
2020-09-23,AAPL,109.02,60854713
2020-09-24,AAPL,106.76,49120570
2020-09-25,AAPL,106.11,50616024
2020-09-26,AAPL,106.38,52757426
2020-09-27,AAPL,108.75,50218012
2020-09-28,AAPL,106.49,58475255
2020-09-29,AAPL,108.42,46886753
2020-09-30,AAPL,108.49,50973037
2020-10-01,AAPL,106.96,46287647
2020-10-02,AAPL,107.76,43399887
2020-10-03,AAPL,108.13,46941154
2020-10-04,AAPL,107.22,49814816
2020-10-05,AAPL,107.38,47853488
2020-10-06,AAPL,106.82,46537895
2020-10-07,AAPL,107.05,42968412
2020-10-08,AAPL,108.18,49584472
2020-10-09,AAPL,110.84,42476398
2020-10-10,AAPL,108.85,53800279
2020-10-11,AAPL,112.45,50412198
2020-10-12,AAPL,109.26,42712242
2020-10-13,AAPL,109.06,48453954
2020-10-14,AAPL,110.08,46239217
2020-10-15,AAPL,110.6,51595872
2020-10-16,AAPL,109.63,56702252
2020-10-17,AAPL,109.34,40624137
2020-10-18,AAPL,108.59,50575130
2020-10-19,AAPL,107.69,49199336
2020-10-20,AAPL,109.13,53356700
2020-10-21,AAPL,109.77,51065983
2020-10-22,AAPL,108.69,46240153
2020-10-23,AAPL,110.22,48404730
2020-10-24,AAPL,110.78,46019870
2020-10-25,AAPL,112.2,55380035
2020-10-26,AAPL,113.32,50106558
2020-10-27,AAPL,111.97,59505953
2020-10-28,AAPL,111.09,49696695
2020-10-29,AAPL,112.4,46457966
2020-10-30,AAPL,113.49,42431428
2020-10-31,AAPL,113.51,40984301
2020-11-01,AAPL,113.77,42079320
2020-11-02,AAPL,116.03,51335633
2020-11-03,AAPL,115.06,52543625
2020-11-04,AAPL,116.07,42094046
2020-11-05,AAPL,115.77,54475191
2020-11-06,AAPL,115.45,47584694
2020-11-07,AAPL,117.43,50733965
2020-11-08,AAPL,118.95,58061103
2020-11-09,AAPL,120.47,54484196
2020-11-10,AAPL,122.92,48657346
2020-11-11,AAPL,123.02,45544038
2020-11-12,AAPL,124.35,39240922
2020-11-13,AAPL,123.83,46404233
2020-11-14,AAPL,124.5,48944348
2020-11-15,AAPL,124.32,45064102
2020-11-16,AAPL,124.56,49343715
2020-11-17,AAPL,125.74,50384259
2020-11-18,AAPL,124.27,48875720
2020-11-19,AAPL,128.29,46749987
2020-11-20,AAPL,126.43,50843273
2020-11-21,AAPL,124.22,52209703
2020-11-22,AAPL,126.46,44548004
2020-11-23,AAPL,128.03,57054661
2020-11-24,AAPL,129.3,49507059
2020-11-25,AAPL,130.59,50094248
2020-11-26,AAPL,130.63,53541072
2020-11-27,AAPL,128.95,51166080
2020-11-28,AAPL,129.16,54765683
2020-11-29,AAPL,127.92,51435620
2020-11-30,AAPL,129.87,46937813
2020-12-01,AAPL,129.65,51807517
2020-12-02,AAPL,128.11,44281368
2020-12-03,AAPL,127.56,50542798
2020-12-04,AAPL,128.42,49833850
2020-12-05,AAPL,127.4,48959415
2020-12-06,AAPL,125.9,49357312
2020-12-07,AAPL,126.43,40590754
2020-12-08,AAPL,126.96,47256375
2020-12-09,AAPL,126.06,50464224
2020-12-10,AAPL,125.23,50799281
2020-12-11,AAPL,125.73,44861624
2020-12-12,AAPL,123.09,56328539
2020-12-13,AAPL,120.58,45669125
2020-12-14,AAPL,119.35,54847286
2020-12-15,AAPL,119.03,52135971
2020-12-16,AAPL,119.64,46768863
2020-12-17,AAPL,122.38,58876554
2020-12-18,AAPL,124.03,44031815
2020-12-19,AAPL,123.79,54595770
2020-12-20,AAPL,123.82,55002911
2020-12-21,AAPL,122.03,46646898
2020-12-22,AAPL,122.06,56962326
2020-12-23,AAPL,121.59,48749767
2020-12-24,AAPL,122.24,51443468
2020-12-25,AAPL,120.8,51301609
2020-12-26,AAPL,121.8,49328456
2020-12-27,AAPL,124.7,54054041
2020-12-28,AAPL,124.56,53967443
2020-12-29,AAPL,125.37,41257340
2020-12-30,AAPL,126.74,56521701
2020-12-31,AAPL,126.04,41687540
2021-01-01,AAPL,126.53,55162731
2021-01-02,AAPL,126.62,55633525
2021-01-03,AAPL,126.87,44545167
2021-01-04,AAPL,125.47,47945928
2021-01-05,AAPL,125.57,44471476
2021-01-06,AAPL,126.58,48925394
2021-01-07,AAPL,129.43,48459828
2021-01-08,AAPL,131.37,53898302
2021-01-09,AAPL,135.75,56551543
2021-01-10,AAPL,134.26,56978419
2021-01-11,AAPL,136.1,47189159
2021-01-12,AAPL,136.54,48953890
2021-01-13,AAPL,141.17,41582809
2021-01-14,AAPL,139.54,45970649
2021-01-15,AAPL,137.86,54824258
2021-01-16,AAPL,136.7,58077914
2021-01-17,AAPL,132.48,43828255
2021-01-18,AAPL,131.5,47037678
2021-01-19,AAPL,130.08,49867971
2021-01-20,AAPL,130.44,51400805
2021-01-21,AAPL,131.17,45951982
2021-01-22,AAPL,134.99,52120305
2021-01-23,AAPL,136.99,47630803
2021-01-24,AAPL,135.88,49927738
2021-01-25,AAPL,134.13,52731421
2021-01-26,AAPL,135.19,50032111
2021-01-27,AAPL,132.61,47818070
2021-01-28,AAPL,136.37,49451950
2021-01-29,AAPL,138.87,49558185
2021-01-30,AAPL,137.97,48149944
2021-01-31,AAPL,134.53,48706019
2021-02-01,AAPL,137.36,57993235
2021-02-02,AAPL,137.19,52804597
2021-02-03,AAPL,139.83,48522598
2021-02-04,AAPL,136.6,53484772
2021-02-05,AAPL,135.44,48330902
2021-02-06,AAPL,135.52,55865623
2021-02-07,AAPL,135.69,51848210
2021-02-08,AAPL,134.84,49463489
2021-02-09,AAPL,136.17,52238584
2021-02-10,AAPL,134.08,42145619
2021-02-11,AAPL,133.86,44366162
2021-02-12,AAPL,134.17,44030374
2021-02-13,AAPL,135.27,50714715
2021-02-14,AAPL,136.79,58662574
2021-02-15,AAPL,134.57,61156500
2021-02-16,AAPL,131.58,53190255
2021-02-17,AAPL,134.19,52504222
2021-02-18,AAPL,134.93,40994711
2021-02-19,AAPL,133.49,47286631
2021-02-20,AAPL,136.7,46061081
2021-02-21,AAPL,137.01,46895762
2021-02-22,AAPL,139.52,49159280
2021-02-23,AAPL,139.73,47639547
2021-02-24,AAPL,144.19,40103500
2021-02-25,AAPL,148.11,53739551
2021-02-26,AAPL,147.63,44636284
2021-02-27,AAPL,149.87,51196234
2021-02-28,AAPL,151.41,60370413
2021-03-01,AAPL,154.63,45403077
2021-03-02,AAPL,152.48,37348562
2021-03-03,AAPL,154.13,48569978
2021-03-04,AAPL,156.68,55504798
2021-03-05,AAPL,152.68,59791737
2021-03-06,AAPL,150.07,43852252
2021-03-07,AAPL,145.62,52483496
2021-03-08,AAPL,145.1,47673447
2021-03-09,AAPL,146.75,49470258
2021-03-10,AAPL,150.17,63221716
2021-03-11,AAPL,150.41,42485148
2021-03-12,AAPL,154.21,51268698
2021-03-13,AAPL,151.12,52338465
2021-03-14,AAPL,147.38,55428931
2021-03-15,AAPL,147.33,50489915
2021-03-16,AAPL,148.26,51540252
2021-03-17,AAPL,148.26,48041757
2021-03-18,AAPL,143.8,51345634
2021-03-19,AAPL,143.68,48284038
2021-03-20,AAPL,140.97,53107859
2021-03-21,AAPL,142.47,48151948
2021-03-22,AAPL,143.32,51885501
2021-03-23,AAPL,141.39,49853685
2021-03-24,AAPL,140.37,55630251
2021-03-25,AAPL,138.23,49743031
2021-03-26,AAPL,138.17,41134837
2021-03-27,AAPL,140.23,56309607
2021-03-28,AAPL,138.24,45471338
2021-03-29,AAPL,139.36,46731168
2021-03-30,AAPL,138.33,47021693
2021-03-31,AAPL,136.76,56872190
2021-04-01,AAPL,136.61,39321628
2021-04-02,AAPL,134.57,65688742
2021-04-03,AAPL,133.52,55280284
2021-04-04,AAPL,131.21,51116194
2021-04-05,AAPL,135.2,49725529
2021-04-06,AAPL,135.34,51427770
2021-04-07,AAPL,134.0,52605612
2021-04-08,AAPL,134.49,53226077
2021-04-09,AAPL,134.34,52778022
2021-04-10,AAPL,133.96,50447903
2021-04-11,AAPL,135.27,49013307
2021-04-12,AAPL,136.88,49243633
2021-04-13,AAPL,135.86,49025458
2021-04-14,AAPL,134.76,55668850
2021-04-15,AAPL,134.27,52967783
2021-04-16,AAPL,129.78,35298056
2021-04-17,AAPL,126.93,53279503
2021-04-18,AAPL,129.62,50973680
2021-04-19,AAPL,132.93,49906456
2021-04-20,AAPL,132.5,48057407
2021-04-21,AAPL,133.72,55620563
2021-04-22,AAPL,134.41,54737632
2021-04-23,AAPL,140.83,46135611
2021-04-24,AAPL,143.29,52035261
2021-04-25,AAPL,143.09,45141716
2021-04-26,AAPL,141.12,43101909
2021-04-27,AAPL,137.83,46866413
2021-04-28,AAPL,138.32,54311967
2021-04-29,AAPL,136.83,54765625
2021-04-30,AAPL,134.01,52565427
2021-05-01,AAPL,132.78,53625478
2021-05-02,AAPL,130.71,52580891
2021-05-03,AAPL,134.12,46792592
2021-05-04,AAPL,135.98,52159612
2021-05-05,AAPL,136.03,54002047
2021-05-06,AAPL,139.15,53771456
2021-05-07,AAPL,139.38,55944566
2021-05-08,AAPL,137.66,53541519
2021-05-09,AAPL,140.92,51757241
2021-05-10,AAPL,142.13,55350751
2021-05-11,AAPL,140.01,49867393
2021-05-12,AAPL,139.68,45590626
2021-05-13,AAPL,137.92,49184665
2021-05-14,AAPL,135.16,46275486
2021-05-15,AAPL,137.12,46624108
2021-05-16,AAPL,141.17,49277406
2021-05-17,AAPL,138.31,46037900
2021-05-18,AAPL,139.55,48460192
2021-05-19,AAPL,138.27,40531926
2021-05-20,AAPL,137.33,51066468
2021-05-21,AAPL,136.18,50006027
2021-05-22,AAPL,134.5,45914556
2021-05-23,AAPL,134.66,53296228
2021-05-24,AAPL,133.06,54687850
2021-05-25,AAPL,133.67,41962200
2021-05-26,AAPL,133.63,46186376
2021-05-27,AAPL,133.22,46154288
2021-05-28,AAPL,131.49,45300484
2021-05-29,AAPL,130.42,54147374
2021-05-30,AAPL,131.97,49030869
2021-05-31,AAPL,133.03,48677425
2021-06-01,AAPL,131.16,39980688
2021-06-02,AAPL,131.42,53177090
2021-06-03,AAPL,132.98,43803708
2021-06-04,AAPL,129.76,50299663
2021-06-05,AAPL,130.88,51386884
2021-06-06,AAPL,129.65,56803292
2021-06-07,AAPL,130.83,43455898
2021-06-08,AAPL,129.41,34902439
2021-06-09,AAPL,126.02,50919247
2021-06-10,AAPL,123.04,59002555
2021-06-11,AAPL,123.19,56194731
2021-06-12,AAPL,123.73,51048297
2021-06-13,AAPL,122.13,47541819
2021-06-14,AAPL,123.36,54035612
2021-06-15,AAPL,120.39,45132269
2021-06-16,AAPL,120.33,52381788
2021-06-17,AAPL,118.22,52527350
2021-06-18,AAPL,117.13,55301049
2021-06-19,AAPL,117.27,63798300
2021-06-20,AAPL,115.82,51962079
2021-06-21,AAPL,115.22,47455181
2021-06-22,AAPL,117.03,49872128
2021-06-23,AAPL,116.08,41154620
2021-06-24,AAPL,117.6,46526434
2021-06-25,AAPL,115.68,47953587
2021-06-26,AAPL,116.66,47379558
2021-06-27,AAPL,119.27,50761774
2021-06-28,AAPL,114.99,45887900
2021-06-29,AAPL,113.68,55605153
2021-06-30,AAPL,114.72,50001035
2021-07-01,AAPL,114.43,49953498
2021-07-02,AAPL,115.13,48360526
2021-07-03,AAPL,114.15,50775953
2021-07-04,AAPL,114.35,54125491
2021-07-05,AAPL,114.14,45664348
2021-07-06,AAPL,116.22,46709417
2021-07-07,AAPL,116.72,48481369
2021-07-08,AAPL,117.37,43270645
2021-07-09,AAPL,116.71,45903710
2021-07-10,AAPL,115.92,47618895
2021-07-11,AAPL,115.22,54371945
2021-07-12,AAPL,115.97,51312806
2021-07-13,AAPL,115.29,50967949
2021-07-14,AAPL,115.85,54254489
2021-07-15,AAPL,119.58,49313141
2021-07-16,AAPL,121.21,51952324
2021-07-17,AAPL,120.68,49483891
2021-07-18,AAPL,122.93,51326811
2021-07-19,AAPL,122.25,47086206
2021-07-20,AAPL,118.62,37805914
2021-07-21,AAPL,116.9,49328604
2021-07-22,AAPL,113.72,57113740
2021-07-23,AAPL,113.18,54631077
2021-07-24,AAPL,113.27,54826987
2021-07-25,AAPL,116.21,56180653
2021-07-26,AAPL,116.84,50443287
2021-07-27,AAPL,116.52,50986578
2021-07-28,AAPL,118.04,46911740
2021-07-29,AAPL,114.24,48419635
2021-07-30,AAPL,114.7,53078855
2021-07-31,AAPL,116.1,56019422
2021-08-01,AAPL,113.61,49302768
2021-08-02,AAPL,115.63,47749053
2021-08-03,AAPL,116.28,50002639
2021-08-04,AAPL,115.61,53006033
2021-08-05,AAPL,116.77,42780725
2021-08-06,AAPL,120.88,38519095
2021-08-07,AAPL,121.27,47247315
2021-08-08,AAPL,121.78,43896437
2021-08-09,AAPL,121.01,47459299
2021-08-10,AAPL,119.53,49261098
2021-08-11,AAPL,121.09,47733757
2021-08-12,AAPL,119.61,57262337
2021-08-13,AAPL,119.8,51633723
2021-08-14,AAPL,119.0,51502371
2021-08-15,AAPL,119.92,53111035
2021-08-16,AAPL,120.58,44305834
2021-08-17,AAPL,122.53,55195558
2021-08-18,AAPL,121.66,49621178
2021-08-19,AAPL,121.23,53352403
2021-08-20,AAPL,119.52,44640713
2021-08-21,AAPL,118.79,42231206
2021-08-22,AAPL,119.52,54089448
2021-08-23,AAPL,120.95,51882047
2021-08-24,AAPL,119.35,45489742
2021-08-25,AAPL,120.97,45651684
2021-08-26,AAPL,123.52,55627173
2021-08-27,AAPL,124.35,44052940
2021-08-28,AAPL,127.96,58213364
2021-08-29,AAPL,126.55,45496896
2021-08-30,AAPL,124.27,53191959
2021-08-31,AAPL,121.06,48356907
2021-09-01,AAPL,123.87,53015937
2021-09-02,AAPL,125.15,47279429
2021-09-03,AAPL,125.11,49186035
2021-09-04,AAPL,125.7,50204595
2021-09-05,AAPL,123.66,44989062
2021-09-06,AAPL,128.34,53704121
2021-09-07,AAPL,128.66,47433932
2021-09-08,AAPL,128.93,48857000
2021-09-09,AAPL,130.41,45028253
2021-09-10,AAPL,131.42,37188331
2021-09-11,AAPL,131.93,49044861
2021-09-12,AAPL,130.44,62063077
2021-09-13,AAPL,131.43,53923021
2021-09-14,AAPL,135.26,49903698
2021-09-15,AAPL,138.09,48685545
2021-09-16,AAPL,141.5,50112329
2021-09-17,AAPL,140.49,52735595
2021-09-18,AAPL,138.49,44095935
2021-09-19,AAPL,138.29,55571608
2021-09-20,AAPL,138.48,53576906
2021-09-21,AAPL,140.84,53590928
2021-09-22,AAPL,137.38,52192378
2021-09-23,AAPL,140.64,50098083
2021-09-24,AAPL,140.38,53364306
2021-09-25,AAPL,139.55,52959070
2021-09-26,AAPL,137.52,48229796
2021-09-27,AAPL,134.21,47131991
2021-09-28,AAPL,135.95,50509281
2021-09-29,AAPL,136.16,57745100
2021-09-30,AAPL,133.62,43804464
2021-10-01,AAPL,131.12,42662373
2021-10-02,AAPL,130.52,50823804
2021-10-03,AAPL,133.9,50254438
2021-10-04,AAPL,133.44,50866708
2021-10-05,AAPL,130.53,51219765
2021-10-06,AAPL,130.12,48883988
2021-10-07,AAPL,129.65,57449317
2021-10-08,AAPL,124.58,41995480
2021-10-09,AAPL,124.54,45857514
2021-10-10,AAPL,124.17,49483726
2021-10-11,AAPL,125.53,41784055
2021-10-12,AAPL,129.13,49120727
2021-10-13,AAPL,131.39,58307350
2021-10-14,AAPL,130.93,50104432
2021-10-15,AAPL,128.84,51153504
2021-10-16,AAPL,133.98,43699176
2021-10-17,AAPL,134.16,46918192
2021-10-18,AAPL,134.26,48124018
2021-10-19,AAPL,134.28,48411424
2021-10-20,AAPL,134.74,56408218
2021-10-21,AAPL,134.52,52788455
2021-10-22,AAPL,133.43,44442710
2021-10-23,AAPL,132.41,51232523
2021-10-24,AAPL,132.41,52491108
2021-10-25,AAPL,131.4,55700745
2021-10-26,AAPL,130.07,57902703
2021-10-27,AAPL,130.34,44924529
2021-10-28,AAPL,129.91,45945712
2021-10-29,AAPL,132.94,43712110
2021-10-30,AAPL,127.82,48829900
2021-10-31,AAPL,130.0,52331791
2021-11-01,AAPL,132.52,54936672
2021-11-02,AAPL,128.52,49620244
2021-11-03,AAPL,127.93,48400762
2021-11-04,AAPL,127.28,50758789
2021-11-05,AAPL,124.68,45824285
2021-11-06,AAPL,123.3,60447693
2021-11-07,AAPL,121.32,41961694
2021-11-08,AAPL,124.62,50923702
2021-11-09,AAPL,126.44,60118031
2021-11-10,AAPL,128.94,50033999
2021-11-11,AAPL,130.41,49049804
2021-11-12,AAPL,128.28,48212772
2021-11-13,AAPL,127.34,49098041
2021-11-14,AAPL,128.34,56864242
2021-11-15,AAPL,126.08,38940690
2021-11-16,AAPL,127.49,57667168
2021-11-17,AAPL,127.1,42880214
2021-11-18,AAPL,126.45,48666738
2021-11-19,AAPL,127.87,47853777
2021-11-20,AAPL,128.79,52942766
2021-11-21,AAPL,128.16,42009378
2021-11-22,AAPL,130.47,52310863
2021-11-23,AAPL,128.44,60121548
2021-11-24,AAPL,129.69,43184129
2021-11-25,AAPL,130.92,50948530
2021-11-26,AAPL,130.38,46690089
2021-11-27,AAPL,131.08,52129436
2021-11-28,AAPL,128.71,50095738
2021-11-29,AAPL,130.57,46792565
2021-11-30,AAPL,130.27,52439361
2021-12-01,AAPL,129.32,59021740
2021-12-02,AAPL,131.44,49045481
2021-12-03,AAPL,130.12,53598789
2021-12-04,AAPL,127.46,43533635
2021-12-05,AAPL,124.59,45217818
2021-12-06,AAPL,125.79,52362031
2021-12-07,AAPL,123.45,57420580
2021-12-08,AAPL,126.81,51778066
2021-12-09,AAPL,122.97,48434709
2021-12-10,AAPL,126.21,49996457
2021-12-11,AAPL,126.67,43747961
2021-12-12,AAPL,126.55,53022576
2021-12-13,AAPL,125.58,54411665
2021-12-14,AAPL,126.4,47739548
2021-12-15,AAPL,126.39,47649789
2021-12-16,AAPL,128.56,51329391
2021-12-17,AAPL,128.85,47816401
2021-12-18,AAPL,129.2,49669336
2021-12-19,AAPL,128.57,60498608
2021-12-20,AAPL,128.52,48764871
2021-12-21,AAPL,129.18,48208299
2021-12-22,AAPL,125.97,46762290
2021-12-23,AAPL,123.51,53720959
2021-12-24,AAPL,124.96,49093879
2021-12-25,AAPL,125.34,46753134
2021-12-26,AAPL,125.06,56606520
2021-12-27,AAPL,125.16,57098015
2021-12-28,AAPL,125.87,46997882
2021-12-29,AAPL,124.92,40667300
2021-12-30,AAPL,123.53,55037568
2021-12-31,AAPL,123.96,46576850
2022-01-01,AAPL,122.21,53953127
2022-01-02,AAPL,123.02,40149480
2022-01-03,AAPL,119.98,54462986
2022-01-04,AAPL,121.91,43944140
2022-01-05,AAPL,122.84,53653820
2022-01-06,AAPL,123.37,50071365
2022-01-07,AAPL,125.27,45230302
2022-01-08,AAPL,128.5,47964818
2022-01-09,AAPL,130.54,53431592
2022-01-10,AAPL,127.04,50529472
2022-01-11,AAPL,124.69,52922064
2022-01-12,AAPL,123.59,59882202
2022-01-13,AAPL,123.7,42178791
2022-01-14,AAPL,124.73,58086062
2022-01-15,AAPL,123.44,50521779
2022-01-16,AAPL,123.85,45506079
2022-01-17,AAPL,122.51,43348431
2022-01-18,AAPL,121.45,49054398
2022-01-19,AAPL,118.98,54608250
2022-01-20,AAPL,117.4,49362254
2022-01-21,AAPL,115.1,57555774
2022-01-22,AAPL,113.49,42744121
2022-01-23,AAPL,115.35,49939555
2022-01-24,AAPL,113.78,43738032
2022-01-25,AAPL,118.42,51818159
2022-01-26,AAPL,119.36,54434436
2022-01-27,AAPL,119.75,47896191
2022-01-28,AAPL,118.28,36978930
2022-01-29,AAPL,119.59,50994740
2022-01-30,AAPL,118.62,52183692
2022-01-31,AAPL,118.89,52021473
2022-02-01,AAPL,123.61,56178910
2022-02-02,AAPL,123.49,44644731
2022-02-03,AAPL,125.7,53401080
2022-02-04,AAPL,124.45,55962537
2022-02-05,AAPL,124.44,41107062
2022-02-06,AAPL,127.86,51598259
2022-02-07,AAPL,126.72,47479100
2022-02-08,AAPL,130.28,49592386
2022-02-09,AAPL,131.74,51738382
2022-02-10,AAPL,130.7,47563857
2022-02-11,AAPL,132.01,46621459
2022-02-12,AAPL,134.01,50170762
2022-02-13,AAPL,135.34,44563770
2022-02-14,AAPL,132.25,44570874
2022-02-15,AAPL,130.88,53396866
2022-02-16,AAPL,130.46,44256029
2022-02-17,AAPL,130.38,53331562
2022-02-18,AAPL,131.67,52312956
2022-02-19,AAPL,132.09,41370966
2022-02-20,AAPL,129.53,46612176
2022-02-21,AAPL,130.34,55970547
2022-02-22,AAPL,131.6,45094172
2022-02-23,AAPL,132.78,47677978
2022-02-24,AAPL,135.02,52310304
2022-02-25,AAPL,136.79,53916952
2022-02-26,AAPL,137.8,48742305
2022-02-27,AAPL,137.72,47012449
2022-02-28,AAPL,134.4,57111849
2022-03-01,AAPL,135.34,58694498
2022-03-02,AAPL,135.83,54894290
2022-03-03,AAPL,136.45,50426590
2022-03-04,AAPL,133.93,45958671
2022-03-05,AAPL,131.84,45847777
2022-03-06,AAPL,134.01,52612570
2022-03-07,AAPL,134.0,52091991
2022-03-08,AAPL,135.44,57007992
2022-03-09,AAPL,135.56,53252250
2022-03-10,AAPL,135.69,42484598
2022-03-11,AAPL,137.69,55259738
2022-03-12,AAPL,136.69,45009696
2022-03-13,AAPL,136.96,48080143
2022-03-14,AAPL,136.08,51251001
2022-03-15,AAPL,135.26,59978337
2022-03-16,AAPL,134.7,65549592
2022-03-17,AAPL,135.22,53033615
2022-03-18,AAPL,134.32,49084016
2022-03-19,AAPL,136.94,52672528
2022-03-20,AAPL,135.19,54438277
2022-03-21,AAPL,134.87,48396661
2022-03-22,AAPL,134.06,58976056
2022-03-23,AAPL,137.07,51150353
2022-03-24,AAPL,137.54,52488715
2022-03-25,AAPL,139.75,53329621
2022-03-26,AAPL,136.74,52107933
2022-03-27,AAPL,137.36,54194702
2022-03-28,AAPL,139.27,46913734
2022-03-29,AAPL,139.52,47208491
2022-03-30,AAPL,141.84,44499228
2022-03-31,AAPL,140.81,52197506
2022-04-01,AAPL,143.89,53894682
2022-04-02,AAPL,149.01,52288864
2022-04-03,AAPL,148.28,58372462
2022-04-04,AAPL,147.36,49972019
2022-04-05,AAPL,150.69,53343708
2022-04-06,AAPL,154.38,44541495
2022-04-07,AAPL,153.25,48064501
2022-04-08,AAPL,152.36,53477688
2022-04-09,AAPL,151.79,54245510
2022-04-10,AAPL,148.84,48530165
2022-04-11,AAPL,146.87,49642003
2022-04-12,AAPL,144.75,42410631
2022-04-13,AAPL,143.17,48214853
2022-04-14,AAPL,143.16,54451915
2022-04-15,AAPL,143.74,52876025
2022-04-16,AAPL,147.19,52503328
2022-04-17,AAPL,145.08,50248868
2022-04-18,AAPL,147.31,50035315
2022-04-19,AAPL,146.91,46698394
2022-04-20,AAPL,146.88,53494142
2022-04-21,AAPL,148.44,52104864
2022-04-22,AAPL,146.04,52460094
2022-04-23,AAPL,146.95,47369825
2022-04-24,AAPL,147.39,39233285
2022-04-25,AAPL,148.56,55485763
2022-04-26,AAPL,149.28,47605812
2022-04-27,AAPL,154.96,45686121
2022-04-28,AAPL,153.56,53467394
2022-04-29,AAPL,152.42,48039936
2022-04-30,AAPL,151.08,55299681
2022-05-01,AAPL,149.9,53085029
2022-05-02,AAPL,148.54,53417846
2022-05-03,AAPL,151.29,43170221
2022-05-04,AAPL,154.63,56059719
2022-05-05,AAPL,153.39,51306252
2022-05-06,AAPL,151.56,48153614
2022-05-07,AAPL,152.71,50716942
2022-05-08,AAPL,151.53,41118823
2022-05-09,AAPL,153.05,52043264
2022-05-10,AAPL,153.59,44853142
2022-05-11,AAPL,150.22,43236648
2022-05-12,AAPL,153.82,42388204
2022-05-13,AAPL,158.1,55563441
2022-05-14,AAPL,156.73,46853683
2022-05-15,AAPL,155.9,57668638
2022-05-16,AAPL,156.65,47320992
2022-05-17,AAPL,157.51,41463210
2022-05-18,AAPL,159.16,44417377
2022-05-19,AAPL,164.11,56179058
2022-05-20,AAPL,163.76,49220509
2022-05-21,AAPL,161.89,47258563
2022-05-22,AAPL,158.66,50800091
2022-05-23,AAPL,157.0,52508913
2022-05-24,AAPL,157.0,55586994
2022-05-25,AAPL,161.37,57242496
2022-05-26,AAPL,160.2,48201156
2022-05-27,AAPL,160.82,43369761
2022-05-28,AAPL,160.86,47932674
2022-05-29,AAPL,163.84,51301402
2022-05-30,AAPL,170.25,45181205
2022-05-31,AAPL,168.98,45214245
2022-06-01,AAPL,167.83,51718939
2022-06-02,AAPL,170.57,49756738
2022-06-03,AAPL,172.41,50163984
2022-06-04,AAPL,177.34,46207523
2022-06-05,AAPL,178.99,48847996
2022-06-06,AAPL,178.11,45378834
2022-06-07,AAPL,179.79,54450992
2022-06-08,AAPL,182.9,55176246
2022-06-09,AAPL,185.25,40769060
2022-06-10,AAPL,186.76,45352445
2022-06-11,AAPL,189.87,42517353
2022-06-12,AAPL,193.32,46749880
2022-06-13,AAPL,197.47,49582810
2022-06-14,AAPL,199.5,42751773
2022-06-15,AAPL,199.1,45390700
2022-06-16,AAPL,199.64,44980213
2022-06-17,AAPL,203.39,51036336
2022-06-18,AAPL,201.01,50346721
2022-06-19,AAPL,202.23,46391312
2022-06-20,AAPL,201.14,50884104
2022-06-21,AAPL,201.33,47266599
2022-06-22,AAPL,205.33,48641724
2022-06-23,AAPL,206.02,58367260
2022-06-24,AAPL,206.27,56702305
2022-06-25,AAPL,202.2,43502093
2022-06-26,AAPL,204.58,54148662
2022-06-27,AAPL,206.68,54056982
2022-06-28,AAPL,213.6,44258683
2022-06-29,AAPL,212.72,54093888
2022-06-30,AAPL,213.53,57689659
2022-07-01,AAPL,214.44,44387275
2022-07-02,AAPL,219.68,45412485
2022-07-03,AAPL,219.48,55088307
2022-07-04,AAPL,220.51,51357476
2022-07-05,AAPL,222.64,52757381
2022-07-06,AAPL,223.37,51702946
2022-07-07,AAPL,221.99,51953479
2022-07-08,AAPL,222.75,43367639
2022-07-09,AAPL,226.48,55236588
2022-07-10,AAPL,223.13,55847949
2022-07-11,AAPL,223.69,48853046
2022-07-12,AAPL,221.46,49782615
2022-07-13,AAPL,225.58,42344462
2022-07-14,AAPL,220.6,52571273
2022-07-15,AAPL,218.86,52860287
2022-07-16,AAPL,220.22,49689044
2022-07-17,AAPL,225.56,55621766
2022-07-18,AAPL,225.45,48329613
2022-07-19,AAPL,223.69,52823029
2022-07-20,AAPL,230.21,44901678
2022-07-21,AAPL,225.38,49882239
2022-07-22,AAPL,218.17,49128228
2022-07-23,AAPL,219.73,51126539
2022-07-24,AAPL,218.19,48152365
2022-07-25,AAPL,214.98,49342637
2022-07-26,AAPL,217.39,54130235
2022-07-27,AAPL,218.29,47816178
2022-07-28,AAPL,216.56,41967114
2022-07-29,AAPL,212.55,58747919
2022-07-30,AAPL,215.45,56907270
2022-07-31,AAPL,217.67,43538686
2022-08-01,AAPL,217.46,53448539
2022-08-02,AAPL,223.68,47485126
2022-08-03,AAPL,220.23,51317436
2022-08-04,AAPL,215.35,51471120
2022-08-05,AAPL,213.24,48827960
2022-08-06,AAPL,213.2,46081171
2022-08-07,AAPL,214.08,46547294
2022-08-08,AAPL,213.42,45419040
2022-08-09,AAPL,214.65,45840888
2022-08-10,AAPL,210.77,49664108
2022-08-11,AAPL,215.49,46421200
2022-08-12,AAPL,215.33,53410260
2022-08-13,AAPL,219.08,57436230
2022-08-14,AAPL,220.32,47099733
2022-08-15,AAPL,221.95,51197022
2022-08-16,AAPL,223.96,52498425
2022-08-17,AAPL,225.58,52360011
2022-08-18,AAPL,227.88,50379776
2022-08-19,AAPL,232.59,53713412
2022-08-20,AAPL,233.39,52411244
2022-08-21,AAPL,236.01,43811687
2022-08-22,AAPL,235.81,54345780
2022-08-23,AAPL,241.08,54436454
2022-08-24,AAPL,238.76,46183569
2022-08-25,AAPL,245.42,50189689
2022-08-26,AAPL,245.4,53416644
2022-08-27,AAPL,240.31,48953430
2022-08-28,AAPL,240.89,55364890
2022-08-29,AAPL,238.56,61819362
2022-08-30,AAPL,241.71,46070069
2022-08-31,AAPL,239.47,43094776
2022-09-01,AAPL,237.99,51519092
2022-09-02,AAPL,231.46,53607812
2022-09-03,AAPL,230.01,48845668
2022-09-04,AAPL,221.91,57266303
2022-09-05,AAPL,216.81,43306971
2022-09-06,AAPL,219.4,53464593
2022-09-07,AAPL,222.12,46970695
2022-09-08,AAPL,223.65,58596889
2022-09-09,AAPL,220.54,59962576
2022-09-10,AAPL,220.49,46166717
2022-09-11,AAPL,220.59,47252214
2022-09-12,AAPL,216.9,54297939
2022-09-13,AAPL,221.96,48064346
2022-09-14,AAPL,225.01,49772943
2022-09-15,AAPL,224.38,50126942
2022-09-16,AAPL,224.58,40401634
2022-09-17,AAPL,225.4,49930811
2022-09-18,AAPL,218.71,46551361
2022-09-19,AAPL,218.01,47534385
2022-09-20,AAPL,215.9,57218160
2022-09-21,AAPL,212.78,43717465
2022-09-22,AAPL,211.99,54066025
2022-09-23,AAPL,217.9,48605185
2022-09-24,AAPL,220.11,48601199
2022-09-25,AAPL,218.34,53951859
2022-09-26,AAPL,220.34,51700256
2022-09-27,AAPL,225.12,52853064
2022-09-28,AAPL,228.38,54840923
2022-09-29,AAPL,228.7,48343458
2022-09-30,AAPL,226.6,46938816
2022-10-01,AAPL,229.1,44574247
2022-10-02,AAPL,230.58,45872947
2022-10-03,AAPL,233.81,64745472
2022-10-04,AAPL,236.17,56223397
2022-10-05,AAPL,240.03,43244628
2022-10-06,AAPL,238.23,43387710
2022-10-07,AAPL,243.11,52409330
2022-10-08,AAPL,243.95,52736323
2022-10-09,AAPL,251.79,52744419
2022-10-10,AAPL,249.33,48725221
2022-10-11,AAPL,256.03,49372728
2022-10-12,AAPL,256.92,51639397
2022-10-13,AAPL,254.55,50429465
2022-10-14,AAPL,252.84,38903498
2022-10-15,AAPL,251.75,48851001
2022-10-16,AAPL,253.48,45742967
2022-10-17,AAPL,255.61,50876057
2022-10-18,AAPL,253.54,64926295
2022-10-19,AAPL,253.58,51837408
2022-10-20,AAPL,261.99,48432351
2022-10-21,AAPL,269.0,54609007
2022-10-22,AAPL,270.9,52413439
2022-10-23,AAPL,271.19,52100472
2022-10-24,AAPL,271.82,53034252
2022-10-25,AAPL,274.47,60282717
2022-10-26,AAPL,270.42,44345557
2022-10-27,AAPL,269.52,52368160
2022-10-28,AAPL,262.99,45368094
2022-10-29,AAPL,264.7,52777563
2022-10-30,AAPL,267.41,45406567
2022-10-31,AAPL,265.62,47913165
2022-11-01,AAPL,272.1,48524550
2022-11-02,AAPL,267.27,54879083
2022-11-03,AAPL,261.6,54592272
2022-11-04,AAPL,262.61,43771413
2022-11-05,AAPL,266.9,50274670
2022-11-06,AAPL,273.87,46452100
2022-11-07,AAPL,272.12,43707475
2022-11-08,AAPL,276.7,48914914
2022-11-09,AAPL,276.68,48457586
2022-11-10,AAPL,276.1,62133582
2022-11-11,AAPL,279.93,52164799
2022-11-12,AAPL,282.82,43111912
2022-11-13,AAPL,276.35,47176129
2022-11-14,AAPL,282.68,55106916
2022-11-15,AAPL,288.74,60442213
2022-11-16,AAPL,286.18,42070083
2022-11-17,AAPL,288.03,40600378
2022-11-18,AAPL,290.32,59354825
2022-11-19,AAPL,291.6,51948070
2022-11-20,AAPL,289.35,45658536
2022-11-21,AAPL,286.59,52673145
2022-11-22,AAPL,286.63,36821261
2022-11-23,AAPL,291.86,50016877
2022-11-24,AAPL,294.4,51639105
2022-11-25,AAPL,292.91,54621350
2022-11-26,AAPL,296.47,44930520
2022-11-27,AAPL,284.21,50428435
2022-11-28,AAPL,289.29,45372876
2022-11-29,AAPL,281.98,51276918
2022-11-30,AAPL,280.59,45523268
2022-12-01,AAPL,276.06,47959495
2022-12-02,AAPL,270.89,45020923
2022-12-03,AAPL,275.78,53255681
2022-12-04,AAPL,273.99,54292255
2022-12-05,AAPL,275.56,48826897
2022-12-06,AAPL,275.5,50191189
2022-12-07,AAPL,277.62,42757042
2022-12-08,AAPL,278.08,48501616
2022-12-09,AAPL,272.91,49748976
2022-12-10,AAPL,277.16,63103965
2022-12-11,AAPL,275.25,44440164
2022-12-12,AAPL,269.03,57320886
2022-12-13,AAPL,267.45,54984293
2022-12-14,AAPL,273.67,51403182
2022-12-15,AAPL,277.32,58793102
2022-12-16,AAPL,276.01,51860527
2022-12-17,AAPL,274.71,51945795
2022-12-18,AAPL,273.52,49734396
2022-12-19,AAPL,282.32,56117844
2022-12-20,AAPL,284.08,55482346
2022-12-21,AAPL,286.06,46871613
2022-12-22,AAPL,290.67,43403764
2022-12-23,AAPL,291.85,48985096
2022-12-24,AAPL,290.87,45999807
2022-12-25,AAPL,290.16,49682377
2022-12-26,AAPL,289.99,56187190
2022-12-27,AAPL,289.97,47713491
2022-12-28,AAPL,293.3,49785883
2022-12-29,AAPL,293.68,50290113
2022-12-30,AAPL,297.07,54242154
2022-12-31,AAPL,296.86,38765553
2023-01-01,AAPL,297.36,46966498
2023-01-02,AAPL,288.72,51056418
2023-01-03,AAPL,292.87,56000394
2023-01-04,AAPL,294.54,47540487
2023-01-05,AAPL,299.13,40617236
2023-01-06,AAPL,286.56,53098557
2023-01-07,AAPL,295.82,46823188
2023-01-08,AAPL,295.35,44051666
2023-01-09,AAPL,300.45,46878273
2023-01-10,AAPL,295.95,49077373
2023-01-11,AAPL,298.83,46976276
2023-01-12,AAPL,294.3,38972169
2023-01-13,AAPL,291.7,54485330
2023-01-14,AAPL,300.35,56374375
2023-01-15,AAPL,299.64,53257609
2023-01-16,AAPL,300.77,44311571
2023-01-17,AAPL,304.87,48992542
2023-01-18,AAPL,307.3,49967393
2023-01-19,AAPL,308.15,52993971
2023-01-20,AAPL,310.0,53341702
2023-01-21,AAPL,321.54,46329131
2023-01-22,AAPL,321.42,50409977
2023-01-23,AAPL,322.55,52286402
2023-01-24,AAPL,327.84,57279111
2023-01-25,AAPL,333.49,53522532
2023-01-26,AAPL,339.65,53945283
2023-01-27,AAPL,343.09,50419133
2023-01-28,AAPL,337.43,57052295
2023-01-29,AAPL,345.97,52048813
2023-01-30,AAPL,340.24,45694560
2023-01-31,AAPL,341.96,57016849
2023-02-01,AAPL,338.28,53489516
2023-02-02,AAPL,338.12,47784779
2023-02-03,AAPL,339.97,47602535
2023-02-04,AAPL,341.78,51482877
2023-02-05,AAPL,344.12,52315923
2023-02-06,AAPL,352.73,50986461
2023-02-07,AAPL,355.31,51556543
2023-02-08,AAPL,354.19,58499786
2023-02-09,AAPL,359.53,55357715
2023-02-10,AAPL,366.19,50953177
2023-02-11,AAPL,359.69,54706552
2023-02-12,AAPL,363.1,44837380
2023-02-13,AAPL,367.13,51989635
2023-02-14,AAPL,365.68,59046531
2023-02-15,AAPL,373.49,48909770
2023-02-16,AAPL,372.83,45761830
2023-02-17,AAPL,373.72,46739555
2023-02-18,AAPL,372.94,44551834
2023-02-19,AAPL,373.21,46076190
2023-02-20,AAPL,367.31,48147459
2023-02-21,AAPL,359.64,42972164
2023-02-22,AAPL,368.53,50078091
2023-02-23,AAPL,364.06,54511385
2023-02-24,AAPL,358.87,45461219
2023-02-25,AAPL,347.63,57596419
2023-02-26,AAPL,344.49,52553960
2023-02-27,AAPL,337.89,55152902
2023-02-28,AAPL,346.49,46710827
2023-03-01,AAPL,351.95,54272626
2023-03-02,AAPL,348.51,44540330
2023-03-03,AAPL,360.67,54451237
2023-03-04,AAPL,366.2,50859196
2023-03-05,AAPL,364.6,52766256
2023-03-06,AAPL,351.36,44122026
2023-03-07,AAPL,363.83,45524650
2023-03-08,AAPL,356.5,52986141
2023-03-09,AAPL,347.99,45258259
2023-03-10,AAPL,353.54,52316031
2023-03-11,AAPL,366.9,43164310
2023-03-12,AAPL,374.79,54240871
2023-03-13,AAPL,378.16,43837383
2023-03-14,AAPL,381.74,52761499
2023-03-15,AAPL,386.85,53128154
2023-03-16,AAPL,391.48,46516140
2023-03-17,AAPL,393.33,52910132
2023-03-18,AAPL,394.14,51302211
2023-03-19,AAPL,393.97,47305790
2023-03-20,AAPL,389.73,44957226
2023-03-21,AAPL,388.29,40186871
2023-03-22,AAPL,378.74,51748250
2023-03-23,AAPL,378.37,42175986
2023-03-24,AAPL,372.99,50476720
2023-03-25,AAPL,367.05,48682758
2023-03-26,AAPL,368.23,53395713
2023-03-27,AAPL,376.18,48489772
2023-03-28,AAPL,381.59,48352761
2023-03-29,AAPL,372.89,53659353
2023-03-30,AAPL,367.58,51675290
2023-03-31,AAPL,372.99,51580779
2023-04-01,AAPL,367.72,52346337
2023-04-02,AAPL,366.67,42322139
2023-04-03,AAPL,369.89,53783943
2023-04-04,AAPL,364.74,53062343
2023-04-05,AAPL,365.5,44916584
2023-04-06,AAPL,358.44,48779597
2023-04-07,AAPL,355.39,49803463
2023-04-08,AAPL,357.28,49327516
2023-04-09,AAPL,349.02,51669299
2023-04-10,AAPL,351.51,57156833
2023-04-11,AAPL,351.58,55408833
2023-04-12,AAPL,354.68,43438904
2023-04-13,AAPL,356.06,53110349
2023-04-14,AAPL,363.6,56644666
2023-04-15,AAPL,364.46,51934042
2023-04-16,AAPL,362.31,55454902
2023-04-17,AAPL,363.15,60061352
2023-04-18,AAPL,366.31,55118547
2023-04-19,AAPL,366.76,51246542
2023-04-20,AAPL,367.17,55225442
2023-04-21,AAPL,363.5,50724439
2023-04-22,AAPL,360.08,50119515
2023-04-23,AAPL,352.76,48242928
2023-04-24,AAPL,362.33,57817066
2023-04-25,AAPL,355.81,45907856
2023-04-26,AAPL,352.3,57661838
2023-04-27,AAPL,348.7,52499320
2023-04-28,AAPL,353.59,43003469
2023-04-29,AAPL,352.21,51838246
2023-04-30,AAPL,359.04,39499867
2023-05-01,AAPL,355.61,53127540
2023-05-02,AAPL,357.28,54426157
2023-05-03,AAPL,353.01,47038220
2023-05-04,AAPL,364.73,50617738
2023-05-05,AAPL,358.47,59770787
2023-05-06,AAPL,360.32,47471266
2023-05-07,AAPL,363.94,44705462
2023-05-08,AAPL,366.39,57408317
2023-05-09,AAPL,365.56,59812935
2023-05-10,AAPL,365.03,50018478
2023-05-11,AAPL,365.45,55057315
2023-05-12,AAPL,364.83,56707379
2023-05-13,AAPL,370.33,46287578
2023-05-14,AAPL,383.01,47573470
2023-05-15,AAPL,380.01,56154372
2023-05-16,AAPL,372.46,58425071
2023-05-17,AAPL,372.16,52814404
2023-05-18,AAPL,387.03,45600928
2023-05-19,AAPL,382.59,59935305
2023-05-20,AAPL,392.31,47345145
2023-05-21,AAPL,402.51,48324311
2023-05-22,AAPL,399.38,51711689
2023-05-23,AAPL,403.0,57770802
2023-05-24,AAPL,413.17,54269879
2023-05-25,AAPL,411.04,52074327
2023-05-26,AAPL,409.99,52316442
2023-05-27,AAPL,406.63,50217573
2023-05-28,AAPL,400.69,52790697
2023-05-29,AAPL,397.0,37352199
2023-05-30,AAPL,389.97,48516962
2023-05-31,AAPL,390.37,51206609
2023-06-01,AAPL,386.08,44244929
2023-06-02,AAPL,387.63,51931616
2023-06-03,AAPL,378.88,48977643
2023-06-04,AAPL,380.95,58777378
2023-06-05,AAPL,385.94,57865098
2023-06-06,AAPL,374.75,47670972
2023-06-07,AAPL,377.05,49245811
2023-06-08,AAPL,384.25,49630262
2023-06-09,AAPL,377.53,47741702
2023-06-10,AAPL,387.32,50975124
2023-06-11,AAPL,389.95,46208589
2023-06-12,AAPL,386.04,44346923
2023-06-13,AAPL,385.91,53113556
2023-06-14,AAPL,389.35,53147647
2023-06-15,AAPL,389.99,45978421
2023-06-16,AAPL,393.35,54476777
2023-06-17,AAPL,388.15,46842111
2023-06-18,AAPL,389.34,51265826
2023-06-19,AAPL,381.36,54101720
2023-06-20,AAPL,380.91,49831937
2023-06-21,AAPL,375.97,52273704
2023-06-22,AAPL,372.03,47417851
2023-06-23,AAPL,379.18,49017667
2023-06-24,AAPL,385.63,48970702
2023-06-25,AAPL,389.37,46267108
2023-06-26,AAPL,383.23,49116129
2023-06-27,AAPL,381.61,42256908
2023-06-28,AAPL,388.81,47544231
2023-06-29,AAPL,389.83,48575622
2023-06-30,AAPL,403.83,48719101
2023-07-01,AAPL,406.43,48792512
2023-07-02,AAPL,407.8,49691179
2023-07-03,AAPL,406.12,52397207
2023-07-04,AAPL,407.14,54372585
2023-07-05,AAPL,406.41,46751173
2023-07-06,AAPL,410.96,43983995
2023-07-07,AAPL,417.1,44789777
2023-07-08,AAPL,412.42,47563985
2023-07-09,AAPL,404.47,48240393
2023-07-10,AAPL,393.68,46150019
2023-07-11,AAPL,396.89,43519416
2023-07-12,AAPL,390.57,47719395
2023-07-13,AAPL,378.35,50907133
2023-07-14,AAPL,380.75,52975147
2023-07-15,AAPL,395.45,47212884
2023-07-16,AAPL,395.62,47935010
2023-07-17,AAPL,400.82,45366508
2023-07-18,AAPL,401.52,49842804
2023-07-19,AAPL,401.12,45757856
2023-07-20,AAPL,406.89,52865639
2023-07-21,AAPL,405.33,41070667
2023-07-22,AAPL,407.16,48201851
2023-07-23,AAPL,409.34,51505536
2023-07-24,AAPL,405.46,50919172
2023-07-25,AAPL,411.74,63465168
2023-07-26,AAPL,410.87,51749000
2023-07-27,AAPL,406.44,44979727
2023-07-28,AAPL,409.93,49522678
2023-07-29,AAPL,404.64,41118768
2023-07-30,AAPL,405.02,49597001
2023-07-31,AAPL,405.16,45834719
2023-08-01,AAPL,412.02,54576951
2023-08-02,AAPL,415.17,47252298
2023-08-03,AAPL,415.23,49416170
2023-08-04,AAPL,420.56,46822210
2023-08-05,AAPL,429.64,58694256
2023-08-06,AAPL,433.46,48393786
2023-08-07,AAPL,433.75,59162785
2023-08-08,AAPL,425.51,54070758
2023-08-09,AAPL,418.97,52410333
2023-08-10,AAPL,417.27,51843665
2023-08-11,AAPL,413.68,51968986
2023-08-12,AAPL,412.73,40361637
2023-08-13,AAPL,413.28,48605583
2023-08-14,AAPL,416.79,54225789
2023-08-15,AAPL,416.56,49755514
2023-08-16,AAPL,419.82,42974050
2023-08-17,AAPL,420.43,49737977
2023-08-18,AAPL,408.36,58520527
2023-08-19,AAPL,402.85,56234458
2023-08-20,AAPL,402.18,49689979
2023-08-21,AAPL,395.15,54757246
2023-08-22,AAPL,398.92,48167464
2023-08-23,AAPL,408.39,41480642
2023-08-24,AAPL,416.13,45377670
2023-08-25,AAPL,415.01,57814443
2023-08-26,AAPL,424.61,48630034
2023-08-27,AAPL,425.77,48783080
2023-08-28,AAPL,423.83,48500809
2023-08-29,AAPL,420.16,59520682
2023-08-30,AAPL,418.47,58129794
2023-08-31,AAPL,416.24,61093901
2023-09-01,AAPL,417.52,49204773
2023-09-02,AAPL,418.73,51478122
2023-09-03,AAPL,418.96,42416787
2023-09-04,AAPL,421.93,57384672
2023-09-05,AAPL,429.75,44161102
2023-09-06,AAPL,436.13,51083877
2023-09-07,AAPL,426.74,44513487
2023-09-08,AAPL,410.9,47055665
2023-09-09,AAPL,416.91,45813687
2023-09-10,AAPL,408.65,46960623
2023-09-11,AAPL,407.48,47304386
2023-09-12,AAPL,400.59,47258656
2023-09-13,AAPL,390.11,54166669
2023-09-14,AAPL,393.48,44475686
2023-09-15,AAPL,398.19,51102707
2023-09-16,AAPL,394.96,56089795
2023-09-17,AAPL,380.09,47434018
2023-09-18,AAPL,377.18,46410405
2023-09-19,AAPL,379.59,48847376
2023-09-20,AAPL,371.45,55898626
2023-09-21,AAPL,372.66,50970538
2023-09-22,AAPL,372.76,47343928
2023-09-23,AAPL,376.2,52419383
2023-09-24,AAPL,377.06,44488539
2023-09-25,AAPL,371.79,53406797
2023-09-26,AAPL,378.71,52043036
2023-09-27,AAPL,378.0,48460957
2023-09-28,AAPL,378.03,45807071
2023-09-29,AAPL,372.96,45566595
2023-09-30,AAPL,370.68,52674086
2023-10-01,AAPL,365.97,56144902
2023-10-02,AAPL,365.21,46813461
2023-10-03,AAPL,374.89,52291933
2023-10-04,AAPL,367.44,39564864
2023-10-05,AAPL,358.83,47076911
2023-10-06,AAPL,367.02,49844705
2023-10-07,AAPL,366.06,45451582
2023-10-08,AAPL,362.58,45317468
2023-10-09,AAPL,368.47,46661102
2023-10-10,AAPL,365.32,51460963
2023-10-11,AAPL,375.65,49063354
2023-10-12,AAPL,379.68,38808843
2023-10-13,AAPL,377.1,39396499
2023-10-14,AAPL,389.7,46965674
2023-10-15,AAPL,386.36,52288432
2023-10-16,AAPL,390.88,36262475
2023-10-17,AAPL,392.84,47501349
2023-10-18,AAPL,400.79,47368760
2023-10-19,AAPL,410.49,56941688
2023-10-20,AAPL,410.89,48074890
2023-10-21,AAPL,406.48,51914944
2023-10-22,AAPL,409.5,50706285
2023-10-23,AAPL,405.56,39347167
2023-10-24,AAPL,418.2,53841036
2023-10-25,AAPL,419.27,51076982
2023-10-26,AAPL,417.19,52541343
2023-10-27,AAPL,418.55,69631188
2023-10-28,AAPL,410.38,39579435
2023-10-29,AAPL,404.65,58623483
2023-10-30,AAPL,412.21,48562762
2023-10-31,AAPL,408.37,51436644
2023-11-01,AAPL,402.21,49772438
2023-11-02,AAPL,405.66,47878818
2023-11-03,AAPL,413.15,47150835
2023-11-04,AAPL,417.84,51647543
2023-11-05,AAPL,424.34,42414131
2023-11-06,AAPL,419.76,53752895
2023-11-07,AAPL,411.11,47919027
2023-11-08,AAPL,420.68,44349653
2023-11-09,AAPL,418.86,47749935
2023-11-10,AAPL,417.49,56285746
2023-11-11,AAPL,426.11,47323324
2023-11-12,AAPL,429.89,51792268
2023-11-13,AAPL,433.06,46345218
2023-11-14,AAPL,447.58,53789609
2023-11-15,AAPL,443.5,53427538
2023-11-16,AAPL,449.94,59243044
2023-11-17,AAPL,450.55,49122180
2023-11-18,AAPL,452.59,53343274
2023-11-19,AAPL,463.32,50490337
2023-11-20,AAPL,467.1,56479358
2023-11-21,AAPL,471.12,46405838
2023-11-22,AAPL,479.0,53725026
2023-11-23,AAPL,476.62,49026513
2023-11-24,AAPL,470.9,49679059
2023-11-25,AAPL,463.81,50458762
2023-11-26,AAPL,450.55,51261201
2023-11-27,AAPL,464.9,49418854
2023-11-28,AAPL,457.5,51073565
2023-11-29,AAPL,456.21,57890590
2023-11-30,AAPL,454.55,54927248
2023-12-01,AAPL,456.87,54345772
2023-12-02,AAPL,462.73,47722302
2023-12-03,AAPL,468.98,45553795
2023-12-04,AAPL,465.12,54776502
2023-12-05,AAPL,464.19,54380233
2023-12-06,AAPL,466.4,57363353
2023-12-07,AAPL,464.89,46980096
2023-12-08,AAPL,476.48,48852256
2023-12-09,AAPL,480.24,41802579
2023-12-10,AAPL,485.8,48037644
2023-12-11,AAPL,490.9,54982852
2023-12-12,AAPL,499.87,47667523
2023-12-13,AAPL,501.48,53202398
2023-12-14,AAPL,492.07,49047484
2023-12-15,AAPL,495.27,51620285
2023-12-16,AAPL,490.7,44261543
2023-12-17,AAPL,487.07,50426047
2023-12-18,AAPL,491.62,35044320
2023-12-19,AAPL,501.09,49065519
2023-12-20,AAPL,501.5,41847633
2023-12-21,AAPL,504.08,56029972
2023-12-22,AAPL,517.37,53887036
2023-12-23,AAPL,519.5,52333354
2023-12-24,AAPL,540.45,57605031
2023-12-25,AAPL,545.33,45255417
2023-12-26,AAPL,531.38,58736815
2023-12-27,AAPL,537.68,54660957
2023-12-28,AAPL,541.04,48817223
2023-12-29,AAPL,551.88,55678100
2023-12-30,AAPL,557.76,44468532
2023-12-31,AAPL,556.88,45877429
2024-01-01,AAPL,547.02,46957051
2024-01-02,AAPL,545.58,47355111
2024-01-03,AAPL,538.94,44717211
2024-01-04,AAPL,534.53,56115415
2024-01-05,AAPL,539.54,48705727
2024-01-06,AAPL,553.5,51762524
2024-01-07,AAPL,557.07,47148243
2024-01-08,AAPL,547.44,40896983
2024-01-09,AAPL,551.38,51350286
2024-01-10,AAPL,561.64,40438725
2024-01-11,AAPL,556.81,49656829
2024-01-12,AAPL,555.97,43158424
2024-01-13,AAPL,556.37,59936379
2024-01-14,AAPL,550.13,54556813
2024-01-15,AAPL,555.79,50528768
2024-01-16,AAPL,555.06,56318533
2024-01-17,AAPL,558.84,45768420
2024-01-18,AAPL,551.72,52717396
2024-01-19,AAPL,548.39,50999052
2024-01-20,AAPL,554.64,51320100
2024-01-21,AAPL,551.82,56361767
2024-01-22,AAPL,566.59,53662460
2024-01-23,AAPL,563.48,51443618
2024-01-24,AAPL,565.67,41725562
2024-01-25,AAPL,573.93,45199768
2024-01-26,AAPL,562.12,49386455
2024-01-27,AAPL,547.75,50466861
2024-01-28,AAPL,535.62,44348981
2024-01-29,AAPL,546.13,62058383
2024-01-30,AAPL,541.9,57581970
2024-01-31,AAPL,563.38,53010591
2024-02-01,AAPL,558.91,50360184
2024-02-02,AAPL,560.74,48938955
2024-02-03,AAPL,574.15,45240407
2024-02-04,AAPL,591.99,50387402
2024-02-05,AAPL,610.89,51288762
2024-02-06,AAPL,622.37,43791197
2024-02-07,AAPL,632.32,51670882
2024-02-08,AAPL,638.29,49223704
