Portfolio_ID,Tech_Weight,Bond_Weight,Market_Beta,Historical_Max_Drawdown,Risk_Score
1,0.82,0.18,1.3,-0.28,9
2,0.98,0.02,1.45,-0.37,10
3,0.26,0.74,0.5,-0.12,3
4,0.97,0.03,1.45,-0.34,10
5,0.43,0.57,0.7,-0.19,4
6,0.35,0.65,0.74,-0.21,5
7,0.05,0.95,0.24,-0.05,1
8,0.05,0.95,0.31,-0.11,1
9,0.69,0.31,1.11,-0.28,8
10,0.46,0.54,0.75,-0.18,5
11,0.23,0.77,0.49,-0.13,3
12,0.61,0.39,1.04,-0.29,7
13,0.25,0.75,0.52,-0.1,3
14,0.58,0.42,1.01,-0.25,7
15,0.36,0.64,0.72,-0.15,5
16,0.82,0.18,1.32,-0.33,9
17,0.82,0.18,1.24,-0.33,9
18,0.48,0.52,0.77,-0.19,5
19,0.35,0.65,0.63,-0.16,4
20,0.36,0.64,0.68,-0.19,4
21,0.81,0.19,1.27,-0.29,9
22,0.33,0.67,0.52,-0.14,3
23,0.21,0.79,0.47,-0.15,3
24,0.08,0.92,0.32,-0.05,1
25,0.47,0.53,0.79,-0.21,5
26,0.48,0.52,0.89,-0.23,6
27,0.84,0.16,1.31,-0.36,9
28,0.22,0.78,0.55,-0.1,3
29,0.38,0.62,0.68,-0.2,4
30,0.81,0.19,1.3,-0.32,9
31,0.82,0.18,1.35,-0.32,9
32,0.38,0.62,0.77,-0.18,5
33,0.46,0.54,0.74,-0.19,5
34,0.3,0.7,0.58,-0.18,3
35,0.93,0.07,1.4,-0.36,10
36,0.12,0.88,0.38,-0.09,2
37,0.93,0.07,1.45,-0.38,10
38,0.68,0.32,1.05,-0.26,7
39,0.53,0.47,0.89,-0.21,6
40,0.03,0.97,0.14,-0.02,1
41,0.48,0.52,0.89,-0.25,6
42,0.41,0.59,0.7,-0.13,4
43,0.16,0.84,0.41,-0.09,2
44,0.66,0.34,1.04,-0.26,7
45,0.97,0.03,1.52,-0.36,10
46,0.56,0.44,0.79,-0.15,5
47,0.71,0.29,1.13,-0.31,8
48,0.07,0.93,0.28,-0.08,1
49,0.42,0.58,0.72,-0.23,5
50,0.12,0.88,0.44,-0.11,2
51,0.61,0.39,0.95,-0.23,6
52,0.94,0.06,1.46,-0.37,10
53,0.66,0.34,1.08,-0.28,7
54,0.08,0.92,0.36,-0.13,2
55,0.35,0.65,0.63,-0.15,4
56,0.55,0.45,0.88,-0.19,6
57,0.4,0.6,0.78,-0.21,5
58,0.83,0.17,1.31,-0.32,9
59,0.81,0.19,1.18,-0.33,8
60,0.61,0.39,0.97,-0.23,7
61,0.37,0.63,0.7,-0.18,4
62,0.26,0.74,0.57,-0.16,3
63,0.11,0.89,0.3,-0.09,1
64,0.35,0.65,0.52,-0.14,3
65,0.41,0.59,0.76,-0.18,5
66,0.68,0.32,1.02,-0.28,7
67,0.66,0.34,0.95,-0.25,6
68,0.07,0.93,0.15,-0.04,1
69,0.4,0.6,0.75,-0.21,5
70,0.18,0.82,0.44,-0.07,2
71,0.16,0.84,0.39,-0.12,2
72,0.83,0.17,1.34,-0.35,9
73,0.04,0.96,0.29,-0.09,1
74,0.42,0.58,0.83,-0.17,5
75,0.17,0.83,0.35,-0.08,2
76,0.88,0.12,1.34,-0.35,9
77,0.56,0.44,0.84,-0.19,6
78,0.23,0.77,0.49,-0.12,3
79,0.5,0.5,0.84,-0.21,6
80,0.73,0.27,1.18,-0.3,8
81,0.96,0.04,1.45,-0.38,10
82,0.22,0.78,0.52,-0.12,3
83,0.89,0.11,1.39,-0.36,10
84,0.93,0.07,1.52,-0.34,10
85,0.92,0.08,1.38,-0.37,10
86,0.64,0.36,0.98,-0.21,7
87,0.63,0.37,1.03,-0.26,7
88,0.4,0.6,0.68,-0.17,4
89,0.75,0.25,1.25,-0.3,9
90,0.53,0.47,0.88,-0.23,6
91,0.68,0.32,1.05,-0.25,7
92,0.43,0.57,0.73,-0.24,5
93,0.73,0.27,1.19,-0.31,8
94,0.82,0.18,1.26,-0.33,9
95,0.15,0.85,0.36,-0.11,2
96,0.83,0.17,1.37,-0.35,10
97,0.54,0.46,0.86,-0.21,6
98,0.84,0.16,1.3,-0.31,9
99,0.43,0.57,0.79,-0.19,5
100,0.38,0.62,0.61,-0.17,4
101,0.92,0.08,1.41,-0.35,10
102,0.25,0.75,0.47,-0.12,3
103,0.84,0.16,1.34,-0.32,9
104,0.48,0.52,0.78,-0.18,5
105,0.51,0.49,0.9,-0.23,6
106,0.31,0.69,0.66,-0.18,4
107,0.57,0.43,0.99,-0.26,7
108,0.33,0.67,0.64,-0.17,4
109,0.04,0.96,0.24,-0.07,1
110,0.27,0.73,0.52,-0.13,3
111,0.01,0.99,0.28,-0.06,1
112,0.98,0.02,1.44,-0.36,10
113,0.97,0.03,1.4,-0.35,10
114,0.4,0.6,0.75,-0.18,5
115,0.73,0.27,1.11,-0.29,8
116,0.35,0.65,0.6,-0.17,4
117,0.67,0.33,1.0,-0.29,7
118,0.81,0.19,1.22,-0.32,8
119,0.95,0.05,1.43,-0.35,10
120,0.4,0.6,0.73,-0.2,5
121,0.78,0.22,1.27,-0.32,9
122,0.27,0.73,0.57,-0.13,3
123,0.99,0.01,1.48,-0.36,10
124,0.03,0.97,0.22,-0.08,1
125,0.6,0.4,1.01,-0.23,7
126,0.66,0.34,1.12,-0.26,8
127,0.69,0.31,1.1,-0.3,8
128,0.12,0.88,0.33,-0.1,2
129,0.94,0.06,1.37,-0.32,10
130,0.18,0.82,0.36,-0.09,2
131,0.62,0.38,1.04,-0.31,7
132,0.22,0.78,0.52,-0.16,3
133,0.31,0.69,0.63,-0.16,4
134,0.55,0.45,0.9,-0.25,6
135,0.42,0.58,0.81,-0.21,5
136,0.16,0.84,0.38,-0.1,2
137,0.17,0.83,0.47,-0.09,3
138,0.42,0.58,0.74,-0.19,5
139,0.76,0.24,1.15,-0.27,8
140,0.9,0.1,1.4,-0.32,10
141,0.08,0.92,0.33,-0.05,2
142,0.39,0.61,0.73,-0.18,5
143,0.1,0.9,0.33,-0.12,2
144,0.02,0.98,0.22,-0.05,1
145,0.66,0.34,1.18,-0.27,8
146,0.6,0.4,1.04,-0.26,7
147,0.16,0.84,0.45,-0.08,2
148,0.23,0.77,0.51,-0.11,3
149,0.02,0.98,0.28,-0.06,1
150,0.83,0.17,1.31,-0.31,9
151,0.97,0.03,1.47,-0.36,10
152,0.14,0.86,0.36,-0.14,2
153,0.23,0.77,0.5,-0.13,3
154,0.87,0.13,1.17,-0.27,8
155,0.93,0.07,1.41,-0.37,10
156,0.42,0.58,0.72,-0.18,5
157,0.05,0.95,0.35,-0.11,2
158,0.04,0.96,0.25,-0.03,1
159,0.57,0.43,0.89,-0.19,6
160,0.39,0.61,0.71,-0.19,4
161,0.03,0.97,0.18,-0.04,1
162,0.58,0.42,0.98,-0.26,7
163,0.01,0.99,0.23,-0.05,1
164,0.79,0.21,1.27,-0.31,9
165,0.31,0.69,0.56,-0.12,3
166,0.04,0.96,0.25,-0.06,1
167,0.59,0.41,0.9,-0.17,6
168,0.4,0.6,0.75,-0.21,5
169,0.97,0.03,1.49,-0.41,10
170,0.54,0.46,0.93,-0.24,6
171,0.28,0.72,0.56,-0.17,3
172,0.71,0.29,1.14,-0.32,8
173,0.27,0.73,0.63,-0.18,4
174,0.9,0.1,1.36,-0.36,9
175,0.37,0.63,0.69,-0.19,4
176,0.55,0.45,0.86,-0.2,6
177,0.05,0.95,0.22,-0.07,1
178,0.43,0.57,0.76,-0.19,5
179,0.83,0.17,1.34,-0.32,9
180,0.81,0.19,1.23,-0.32,8
181,0.22,0.78,0.48,-0.13,3
182,0.23,0.77,0.47,-0.11,3
183,0.82,0.18,1.24,-0.35,9
184,0.93,0.07,1.42,-0.4,10
185,0.1,0.9,0.25,-0.06,1
186,0.45,0.55,0.85,-0.2,6
187,0.34,0.66,0.61,-0.11,4
188,0.87,0.13,1.37,-0.34,10
189,0.08,0.92,0.25,-0.04,1
190,0.21,0.79,0.51,-0.13,3
191,0.75,0.25,1.21,-0.3,8
192,0.05,0.95,0.29,-0.04,1
193,0.49,0.51,0.79,-0.24,5
194,0.44,0.56,0.79,-0.19,5
195,0.33,0.67,0.58,-0.1,3
196,0.39,0.61,0.7,-0.17,4
197,0.53,0.47,0.94,-0.2,6
198,0.16,0.84,0.45,-0.12,2
199,0.57,0.43,0.94,-0.24,6
200,0.81,0.19,1.2,-0.3,8
201,0.76,0.24,1.22,-0.35,8
202,0.15,0.85,0.4,-0.12,2
203,0.15,0.85,0.28,-0.09,1
204,0.27,0.73,0.59,-0.13,4
205,0.36,0.64,0.67,-0.15,4
206,0.41,0.59,0.79,-0.19,5
207,0.68,0.32,1.03,-0.24,7
208,0.06,0.94,0.11,-0.03,1
209,0.03,0.97,0.26,-0.04,1
210,0.39,0.61,0.72,-0.18,5
211,0.7,0.3,1.02,-0.25,7
212,0.19,0.81,0.4,-0.11,2
213,0.64,0.36,1.17,-0.28,8
214,0.26,0.74,0.52,-0.14,3
215,0.89,0.11,1.39,-0.33,10
216,0.9,0.1,1.33,-0.36,9
217,0.3,0.7,0.48,-0.14,3
218,0.23,0.77,0.49,-0.11,3
219,0.41,0.59,0.72,-0.18,5
220,0.24,0.76,0.49,-0.13,3
221,0.67,0.33,1.07,-0.25,7
222,0.83,0.17,1.29,-0.33,9
223,0.67,0.33,1.07,-0.27,7
224,0.82,0.18,1.21,-0.27,8
225,0.4,0.6,0.74,-0.15,5
226,0.16,0.84,0.31,-0.04,1
227,0.74,0.26,1.06,-0.27,7
228,0.36,0.64,0.71,-0.15,4
229,0.67,0.33,1.1,-0.29,8
230,0.27,0.73,0.55,-0.16,3
231,0.08,0.92,0.24,-0.11,1
232,0.99,0.01,1.45,-0.33,10
233,0.16,0.84,0.39,-0.11,2
234,0.99,0.01,1.41,-0.35,10
235,0.98,0.02,1.43,-0.38,10
236,0.79,0.21,1.26,-0.3,9
237,0.66,0.34,1.13,-0.29,8
238,0.58,0.42,0.93,-0.26,6
239,0.87,0.13,1.36,-0.33,9
240,0.29,0.71,0.48,-0.15,3
241,0.47,0.53,0.84,-0.23,6
242,0.62,0.38,0.97,-0.28,7
243,0.41,0.59,0.75,-0.22,5
244,0.43,0.57,0.74,-0.18,5
245,0.33,0.67,0.7,-0.21,4
246,0.56,0.44,0.89,-0.25,6
247,0.85,0.15,1.34,-0.33,9
248,0.2,0.8,0.45,-0.12,2
249,0.93,0.07,1.41,-0.31,10
250,0.69,0.31,1.09,-0.23,7
251,0.82,0.18,1.23,-0.32,8
252,0.56,0.44,0.92,-0.22,6
253,0.78,0.22,1.21,-0.29,8
254,0.02,0.98,0.23,-0.07,1
255,0.82,0.18,1.27,-0.35,9
256,0.04,0.96,0.29,-0.07,1
257,0.89,0.11,1.4,-0.35,10
258,0.99,0.01,1.44,-0.37,10
259,0.29,0.71,0.63,-0.15,4
260,0.21,0.79,0.41,-0.12,2
261,0.77,0.23,1.22,-0.33,8
262,0.25,0.75,0.56,-0.14,3
263,0.87,0.13,1.23,-0.3,8
264,0.1,0.9,0.34,-0.11,2
265,0.13,0.87,0.34,-0.07,2
266,0.98,0.02,1.43,-0.39,10
267,0.67,0.33,1.14,-0.3,8
268,0.85,0.15,1.27,-0.32,9
269,0.32,0.68,0.58,-0.16,3
270,0.68,0.32,1.08,-0.28,7
271,0.59,0.41,1.01,-0.21,7
272,0.6,0.4,0.98,-0.26,7
273,0.68,0.32,1.15,-0.24,8
274,0.58,0.42,0.97,-0.23,7
275,0.43,0.57,0.65,-0.16,4
276,0.28,0.72,0.53,-0.12,3
277,0.77,0.23,1.17,-0.24,8
278,0.23,0.77,0.52,-0.15,3
279,0.69,0.31,0.97,-0.26,7
280,0.23,0.77,0.63,-0.17,4
281,0.63,0.37,1.04,-0.26,7
282,0.75,0.25,1.18,-0.33,8
283,0.22,0.78,0.54,-0.14,3
284,0.06,0.94,0.4,-0.06,2
285,0.13,0.87,0.41,-0.1,2
286,0.61,0.39,1.04,-0.26,7
287,0.85,0.15,1.31,-0.34,9
288,0.04,0.96,0.25,-0.04,1
289,0.73,0.27,1.13,-0.3,8
290,0.34,0.66,0.6,-0.11,4
291,0.48,0.52,0.79,-0.16,5
292,0.93,0.07,1.34,-0.33,9
293,0.33,0.67,0.63,-0.16,4
294,0.47,0.53,0.72,-0.16,5
295,0.01,0.99,0.23,-0.03,1
296,0.08,0.92,0.3,-0.09,1
297,0.26,0.74,0.54,-0.15,3
298,0.03,0.97,0.21,-0.08,1
299,0.63,0.37,1.17,-0.29,8
300,0.43,0.57,0.82,-0.19,5
301,0.55,0.45,0.85,-0.24,6
302,0.17,0.83,0.44,-0.12,2
303,0.3,0.7,0.55,-0.17,3
304,0.66,0.34,1.01,-0.27,7
305,0.97,0.03,1.39,-0.34,10
306,0.05,0.95,0.29,-0.09,1
307,0.89,0.11,1.32,-0.34,9
308,0.58,0.42,1.0,-0.28,7
309,0.56,0.44,0.98,-0.24,7
310,0.5,0.5,0.92,-0.23,6
311,0.07,0.93,0.25,-0.08,1
312,0.09,0.91,0.34,-0.09,2
313,0.6,0.4,1.01,-0.25,7
314,0.34,0.66,0.62,-0.17,4
315,0.92,0.08,1.35,-0.37,9
316,0.41,0.59,0.81,-0.17,5
317,0.14,0.86,0.4,-0.11,2
318,0.71,0.29,1.16,-0.29,8
319,0.29,0.71,0.54,-0.11,3
320,0.53,0.47,0.82,-0.13,5
321,0.7,0.3,1.08,-0.29,7
322,0.9,0.1,1.36,-0.33,9
323,0.79,0.21,1.18,-0.31,8
324,0.68,0.32,1.08,-0.28,7
325,0.68,0.32,1.0,-0.26,7
326,0.95,0.05,1.37,-0.37,10
327,0.3,0.7,0.62,-0.16,4
328,0.0,1.0,0.23,-0.09,1
329,0.27,0.73,0.53,-0.11,3
330,0.22,0.78,0.43,-0.11,2
331,0.66,0.34,1.01,-0.24,7
332,0.63,0.37,1.01,-0.26,7
333,0.59,0.41,1.0,-0.26,7
334,0.02,0.98,0.27,-0.06,1
335,0.73,0.27,1.12,-0.3,8
336,0.32,0.68,0.56,-0.15,3
337,0.67,0.33,1.08,-0.29,7
338,0.56,0.44,0.88,-0.24,6
339,0.34,0.66,0.62,-0.2,4
340,0.13,0.87,0.44,-0.08,2
341,0.09,0.91,0.36,-0.1,2
342,0.83,0.17,1.29,-0.3,9
343,0.92,0.08,1.33,-0.31,9
344,0.65,0.35,1.06,-0.29,7
345,0.1,0.9,0.39,-0.12,2
346,0.4,0.6,0.7,-0.12,4
347,0.73,0.27,1.22,-0.27,8
348,0.78,0.22,1.28,-0.32,9
349,0.12,0.88,0.44,-0.1,2
350,0.0,1.0,0.22,-0.07,1
351,0.71,0.29,1.16,-0.28,8
352,0.36,0.64,0.73,-0.2,5
353,0.25,0.75,0.55,-0.18,3
354,0.01,0.99,0.19,-0.07,1
355,0.54,0.46,0.88,-0.22,6
356,0.85,0.15,1.32,-0.35,9
357,0.96,0.04,1.38,-0.35,10
358,0.57,0.43,0.93,-0.25,6
359,0.51,0.49,0.92,-0.25,6
360,0.09,0.91,0.2,-0.03,1
361,0.55,0.45,0.99,-0.24,7
362,0.38,0.62,0.75,-0.19,5
363,0.61,0.39,0.97,-0.22,7
364,0.39,0.61,0.73,-0.17,5
365,0.24,0.76,0.51,-0.1,3
366,0.09,0.91,0.38,-0.11,2
367,0.31,0.69,0.66,-0.17,4
368,0.1,0.9,0.26,-0.09,1
369,0.18,0.82,0.46,-0.12,3
370,0.99,0.01,1.47,-0.35,10
371,0.44,0.56,0.78,-0.17,5
372,0.53,0.47,0.86,-0.19,6
373,0.87,0.13,1.42,-0.39,10
374,1.0,0.0,1.55,-0.36,10
375,0.58,0.42,0.92,-0.27,6
376,0.81,0.19,1.19,-0.28,8
377,0.33,0.67,0.61,-0.16,4
378,0.31,0.69,0.62,-0.14,4
379,0.4,0.6,0.74,-0.21,5
380,0.67,0.33,1.14,-0.26,8
381,0.68,0.32,1.13,-0.31,8
382,0.32,0.68,0.66,-0.18,4
383,0.13,0.87,0.39,-0.12,2
384,0.63,0.37,0.95,-0.27,6
385,0.13,0.87,0.36,-0.09,2
386,0.58,0.42,1.01,-0.22,7
387,0.69,0.31,1.1,-0.22,8
388,0.7,0.3,1.14,-0.28,8
389,0.75,0.25,1.16,-0.27,8
390,0.87,0.13,1.28,-0.32,9
391,0.5,0.5,0.84,-0.2,6
392,0.73,0.27,1.16,-0.3,8
393,0.62,0.38,0.97,-0.24,7
394,0.19,0.81,0.43,-0.1,2
395,0.03,0.97,0.19,-0.06,1
396,0.28,0.72,0.63,-0.16,4
397,0.44,0.56,0.76,-0.19,5
398,0.62,0.38,1.07,-0.25,7
399,0.85,0.15,1.38,-0.37,10
400,0.2,0.8,0.45,-0.11,2
401,0.13,0.87,0.31,-0.04,1
402,0.96,0.04,1.35,-0.31,9
403,0.11,0.89,0.27,-0.04,1
404,0.48,0.52,0.75,-0.19,5
405,0.59,0.41,1.03,-0.25,7
406,0.54,0.46,0.91,-0.21,6
407,0.09,0.91,0.33,-0.05,2
408,0.06,0.94,0.16,-0.08,1
409,0.11,0.89,0.28,-0.1,1
410,0.59,0.41,1.01,-0.23,7
411,0.54,0.46,0.92,-0.24,6
412,0.23,0.77,0.5,-0.14,3
413,0.64,0.36,1.06,-0.29,7
414,0.82,0.18,1.35,-0.35,9
415,0.04,0.96,0.24,-0.09,1
416,0.5,0.5,0.85,-0.17,6
417,0.69,0.31,1.11,-0.28,8
418,0.25,0.75,0.65,-0.16,4
419,0.31,0.69,0.5,-0.11,3
420,0.61,0.39,1.03,-0.24,7
421,0.9,0.1,1.36,-0.32,9
422,0.81,0.19,1.28,-0.3,9
423,0.58,0.42,0.93,-0.24,6
424,0.73,0.27,1.15,-0.29,8
425,0.36,0.64,0.71,-0.16,4
426,0.64,0.36,1.19,-0.31,8
427,0.47,0.53,0.85,-0.21,6
428,0.19,0.81,0.4,-0.09,2
429,0.7,0.3,1.09,-0.26,8
430,0.56,0.44,0.9,-0.26,6
431,0.36,0.64,0.58,-0.13,3
432,0.91,0.09,1.37,-0.35,10
433,0.02,0.98,0.26,-0.05,1
434,0.32,0.68,0.55,-0.12,3
435,0.06,0.94,0.33,-0.05,2
436,0.77,0.23,1.22,-0.28,8
437,0.7,0.3,1.08,-0.24,7
438,0.33,0.67,0.62,-0.13,4
439,0.68,0.32,1.16,-0.28,8
440,0.4,0.6,0.75,-0.19,5
441,0.76,0.24,1.18,-0.28,8
442,0.45,0.55,0.78,-0.18,5
443,0.41,0.59,0.74,-0.19,5
444,0.93,0.07,1.39,-0.34,10
445,0.25,0.75,0.42,-0.11,2
446,0.12,0.88,0.46,-0.13,3
447,0.58,0.42,0.97,-0.22,7
448,0.97,0.03,1.48,-0.37,10
449,0.38,0.62,0.69,-0.13,4
450,0.06,0.94,0.24,-0.09,1
451,0.34,0.66,0.63,-0.17,4
452,0.51,0.49,0.78,-0.19,5
453,0.16,0.84,0.52,-0.11,3
454,0.66,0.34,0.99,-0.24,7
455,1.0,0.0,1.45,-0.36,10
456,0.45,0.55,0.77,-0.21,5
457,0.35,0.65,0.73,-0.2,5
458,0.4,0.6,0.72,-0.17,5
459,0.12,0.88,0.29,-0.1,1
460,0.88,0.12,1.41,-0.36,10
461,0.41,0.59,0.78,-0.18,5
462,0.39,0.61,0.73,-0.2,5
463,0.66,0.34,1.09,-0.24,8
464,0.44,0.56,0.89,-0.2,6
465,0.65,0.35,1.15,-0.32,8
466,0.06,0.94,0.25,-0.08,1
467,0.81,0.19,1.34,-0.38,9
468,0.94,0.06,1.44,-0.38,10
469,0.65,0.35,1.07,-0.25,7
470,0.95,0.05,1.36,-0.35,9
471,0.15,0.85,0.39,-0.09,2
472,0.48,0.52,0.78,-0.23,5
473,0.6,0.4,1.02,-0.24,7
474,0.58,0.42,1.01,-0.26,7
475,0.4,0.6,0.62,-0.15,4
476,0.34,0.66,0.64,-0.16,4
477,0.13,0.87,0.42,-0.13,2
478,0.39,0.61,0.7,-0.2,4
479,0.16,0.84,0.45,-0.09,2
480,0.73,0.27,1.17,-0.29,8
481,0.21,0.79,0.49,-0.1,3
482,0.06,0.94,0.26,-0.06,1
483,0.55,0.45,0.86,-0.21,6
484,0.6,0.4,0.92,-0.26,6
485,0.87,0.13,1.37,-0.35,10
486,0.58,0.42,0.95,-0.24,6
487,0.35,0.65,0.64,-0.12,4
488,0.8,0.2,1.22,-0.29,8
489,0.54,0.46,0.89,-0.19,6
490,0.08,0.92,0.36,-0.08,2
491,0.57,0.43,0.92,-0.24,6
492,0.91,0.09,1.31,-0.33,9
493,0.4,0.6,0.75,-0.18,5
494,0.3,0.7,0.57,-0.16,3
495,0.14,0.86,0.39,-0.1,2
496,0.15,0.85,0.48,-0.12,3
497,0.43,0.57,0.76,-0.16,5
498,0.6,0.4,0.99,-0.29,7
499,0.08,0.92,0.25,-0.04,1
500,0.94,0.06,1.41,-0.37,10
501,0.76,0.24,1.21,-0.33,8
502,0.59,0.41,0.88,-0.2,6
503,0.83,0.17,1.29,-0.31,9
504,0.08,0.92,0.31,-0.05,1
505,0.48,0.52,0.82,-0.19,5
506,0.63,0.37,1.07,-0.23,7
507,0.83,0.17,1.29,-0.31,9
508,0.78,0.22,1.29,-0.33,9
509,0.28,0.72,0.51,-0.12,3
510,0.94,0.06,1.43,-0.33,10
511,0.12,0.88,0.37,-0.11,2
512,0.88,0.12,1.28,-0.33,9
513,0.97,0.03,1.51,-0.38,10
514,0.18,0.82,0.55,-0.18,3
515,0.72,0.28,1.14,-0.28,8
516,0.04,0.96,0.28,-0.11,1
517,0.41,0.59,0.73,-0.18,5
518,0.52,0.48,0.84,-0.19,6
519,0.58,0.42,0.86,-0.23,6
520,0.94,0.06,1.38,-0.31,10
521,0.67,0.33,1.0,-0.28,7
522,0.48,0.52,0.91,-0.2,6
523,0.81,0.19,1.25,-0.3,9
524,0.95,0.05,1.42,-0.39,10
525,0.02,0.98,0.27,-0.01,1
526,0.98,0.02,1.42,-0.36,10
527,0.09,0.91,0.27,-0.09,1
528,0.81,0.19,1.26,-0.34,9
529,0.28,0.72,0.62,-0.16,4
530,0.13,0.87,0.4,-0.1,2
531,0.44,0.56,0.78,-0.19,5
532,0.64,0.36,1.04,-0.27,7
533,0.38,0.62,0.72,-0.17,5
534,0.05,0.95,0.28,-0.08,1
535,0.6,0.4,0.93,-0.27,6
536,0.9,0.1,1.38,-0.35,10
537,0.38,0.62,0.64,-0.21,4
538,0.22,0.78,0.49,-0.11,3
539,0.44,0.56,0.75,-0.21,5
540,0.05,0.95,0.39,-0.09,2
541,0.82,0.18,1.26,-0.29,9
542,0.83,0.17,1.2,-0.32,8
543,0.59,0.41,0.96,-0.22,6
544,0.35,0.65,0.69,-0.18,4
545,0.8,0.2,1.32,-0.3,9
546,0.55,0.45,0.89,-0.23,6
547,0.83,0.17,1.19,-0.32,8
548,0.63,0.37,1.06,-0.25,7
549,0.78,0.22,1.15,-0.3,8
550,0.6,0.4,0.96,-0.26,6
551,0.41,0.59,0.73,-0.19,5
552,0.96,0.04,1.44,-0.36,10
553,0.54,0.46,0.94,-0.21,6
554,0.61,0.39,0.95,-0.28,6
555,0.22,0.78,0.47,-0.12,3
556,0.63,0.37,1.01,-0.24,7
557,0.57,0.43,0.95,-0.23,6
558,0.18,0.82,0.45,-0.09,2
559,0.06,0.94,0.3,-0.08,1
560,0.6,0.4,1.03,-0.26,7
561,0.76,0.24,1.21,-0.29,8
562,0.52,0.48,0.9,-0.22,6
563,0.23,0.77,0.42,-0.11,2
564,0.67,0.33,1.07,-0.26,7
565,0.08,0.92,0.33,-0.1,2
566,0.44,0.56,0.81,-0.21,5
567,0.16,0.84,0.38,-0.1,2
568,0.18,0.82,0.41,-0.07,2
569,0.2,0.8,0.43,-0.17,2
570,0.39,0.61,0.73,-0.17,5
571,0.05,0.95,0.32,-0.08,1
572,0.4,0.6,0.7,-0.21,4
573,0.51,0.49,0.91,-0.22,6
574,0.48,0.52,0.83,-0.2,6
575,0.38,0.62,0.69,-0.16,4
576,0.84,0.16,1.28,-0.37,9
577,0.15,0.85,0.43,-0.08,2
578,0.51,0.49,0.87,-0.23,6
579,0.06,0.94,0.39,-0.08,2
580,0.07,0.93,0.25,-0.05,1
581,0.57,0.43,0.97,-0.26,7
582,0.57,0.43,0.91,-0.21,6
583,0.88,0.12,1.3,-0.33,9
584,0.56,0.44,0.92,-0.27,6
585,0.96,0.04,1.45,-0.34,10
586,0.05,0.95,0.41,-0.12,2
587,0.1,0.9,0.32,-0.1,1
588,0.04,0.96,0.2,-0.06,1
589,0.19,0.81,0.45,-0.11,2
590,0.54,0.46,0.8,-0.2,5
591,0.65,0.35,1.03,-0.25,7
592,0.05,0.95,0.26,-0.09,1
593,0.95,0.05,1.47,-0.38,10
594,0.84,0.16,1.34,-0.34,9
595,0.3,0.7,0.56,-0.1,3
596,0.08,0.92,0.29,-0.08,1
597,0.17,0.83,0.38,-0.07,2
598,0.13,0.87,0.31,-0.08,1
599,0.12,0.88,0.38,-0.1,2
600,0.52,0.48,0.81,-0.21,5
601,0.25,0.75,0.5,-0.13,3
602,0.36,0.64,0.62,-0.14,4
603,0.99,0.01,1.51,-0.35,10
604,0.68,0.32,1.18,-0.29,8
605,0.95,0.05,1.37,-0.32,10
606,0.14,0.86,0.29,-0.09,1
607,0.38,0.62,0.69,-0.18,4
608,0.55,0.45,0.92,-0.24,6
609,0.08,0.92,0.31,-0.07,1
610,0.0,1.0,0.18,-0.05,1
611,0.67,0.33,1.06,-0.25,7
612,0.64,0.36,1.05,-0.28,7
613,0.41,0.59,0.79,-0.2,5
614,0.49,0.51,0.74,-0.17,5
615,0.42,0.58,0.72,-0.22,5
616,0.02,0.98,0.24,-0.02,1
617,0.34,0.66,0.59,-0.15,4
618,0.18,0.82,0.52,-0.17,3
619,0.1,0.9,0.3,-0.07,1
620,0.96,0.04,1.44,-0.36,10
621,0.6,0.4,1.01,-0.25,7
622,0.73,0.27,1.12,-0.26,8
623,0.32,0.68,0.52,-0.11,3
624,0.39,0.61,0.69,-0.17,4
625,0.24,0.76,0.56,-0.13,3
626,0.1,0.9,0.31,-0.08,1
627,0.18,0.82,0.39,-0.06,2
628,0.8,0.2,1.28,-0.35,9
629,0.68,0.32,1.06,-0.26,7
630,0.55,0.45,0.89,-0.22,6
631,0.48,0.52,0.83,-0.19,5
632,0.92,0.08,1.44,-0.38,10
633,0.07,0.93,0.41,-0.14,2
634,0.28,0.72,0.61,-0.15,4
635,0.35,0.65,0.71,-0.17,5
636,0.78,0.22,1.19,-0.27,8
637,0.99,0.01,1.44,-0.39,10
638,0.24,0.76,0.52,-0.11,3
639,0.87,0.13,1.34,-0.29,9
640,0.83,0.17,1.23,-0.31,8
641,0.22,0.78,0.48,-0.15,3
642,0.4,0.6,0.74,-0.19,5
643,0.41,0.59,0.75,-0.19,5
644,0.98,0.02,1.5,-0.36,10
645,0.18,0.82,0.45,-0.12,2
646,0.8,0.2,1.21,-0.27,8
647,0.33,0.67,0.61,-0.17,4
648,0.73,0.27,1.09,-0.31,7
649,0.42,0.58,0.84,-0.19,6
650,0.58,0.42,0.95,-0.28,6
651,0.83,0.17,1.27,-0.32,9
652,0.8,0.2,1.2,-0.24,8
653,0.87,0.13,1.47,-0.37,10
654,0.06,0.94,0.22,-0.08,1
655,0.69,0.31,1.08,-0.27,7
656,0.14,0.86,0.4,-0.1,2
657,0.42,0.58,0.77,-0.19,5
658,0.55,0.45,0.96,-0.23,6
659,0.4,0.6,0.81,-0.22,5
660,0.52,0.48,0.9,-0.19,6
661,1.0,0.0,1.44,-0.36,10
662,0.14,0.86,0.36,-0.08,2
663,0.68,0.32,1.09,-0.29,8
664,0.4,0.6,0.82,-0.18,5
665,0.13,0.87,0.3,-0.08,1
666,0.16,0.84,0.47,-0.11,3
667,0.95,0.05,1.44,-0.38,10
668,0.88,0.12,1.39,-0.37,10
669,0.91,0.09,1.37,-0.33,10
670,0.99,0.01,1.45,-0.37,10
671,0.21,0.79,0.51,-0.14,3
672,0.36,0.64,0.69,-0.19,4
673,0.67,0.33,1.12,-0.27,8
674,0.48,0.52,0.83,-0.22,5
675,0.42,0.58,0.71,-0.18,5
676,0.36,0.64,0.59,-0.15,4
677,0.59,0.41,1.01,-0.29,7
678,0.58,0.42,0.97,-0.27,7
679,0.16,0.84,0.36,-0.08,2
680,0.47,0.53,0.79,-0.21,5
681,0.55,0.45,0.9,-0.2,6
682,0.57,0.43,0.87,-0.2,6
683,0.21,0.79,0.43,-0.09,2
684,0.74,0.26,1.11,-0.24,8
685,0.03,0.97,0.21,-0.05,1
686,0.35,0.65,0.62,-0.14,4
687,0.78,0.22,1.13,-0.29,8
688,0.56,0.44,1.03,-0.21,7
689,0.26,0.74,0.6,-0.11,4
690,0.69,0.31,1.06,-0.27,7
691,0.57,0.43,0.95,-0.23,6
692,0.8,0.2,1.26,-0.29,9
693,0.74,0.26,1.22,-0.31,8
694,0.61,0.39,0.95,-0.25,6
695,0.49,0.51,0.89,-0.2,6
696,0.13,0.87,0.35,-0.08,2
697,0.26,0.74,0.47,-0.11,3
698,0.42,0.58,0.78,-0.21,5
699,0.6,0.4,1.04,-0.3,7
700,0.51,0.49,1.0,-0.24,7
701,0.29,0.71,0.51,-0.11,3
702,0.01,0.99,0.24,-0.07,1
703,0.5,0.5,0.82,-0.18,5
704,0.29,0.71,0.61,-0.17,4
705,0.73,0.27,1.08,-0.29,7
706,0.02,0.98,0.17,-0.04,1
707,0.58,0.42,0.92,-0.23,6
708,0.94,0.06,1.43,-0.34,10
709,0.17,0.83,0.39,-0.11,2
710,0.47,0.53,0.85,-0.18,6
711,0.09,0.91,0.37,-0.05,2
712,0.63,0.37,1.04,-0.26,7
713,0.55,0.45,1.0,-0.22,7
714,0.41,0.59,0.75,-0.21,5
715,0.52,0.48,0.82,-0.18,5
716,0.9,0.1,1.43,-0.34,10
717,0.2,0.8,0.42,-0.09,2
718,0.02,0.98,0.27,-0.07,1
719,0.86,0.14,1.4,-0.41,10
720,0.58,0.42,0.97,-0.26,7
721,0.89,0.11,1.28,-0.33,9
722,0.6,0.4,0.93,-0.25,6
723,0.81,0.19,1.32,-0.33,9
724,0.43,0.57,0.75,-0.2,5
725,0.75,0.25,1.18,-0.31,8
726,0.91,0.09,1.42,-0.38,10
727,0.57,0.43,0.98,-0.26,7
728,0.18,0.82,0.45,-0.09,2
729,0.27,0.73,0.54,-0.15,3
730,0.2,0.8,0.44,-0.12,2
731,0.25,0.75,0.56,-0.15,3
732,0.31,0.69,0.63,-0.15,4
733,0.56,0.44,0.91,-0.22,6
734,0.59,0.41,1.02,-0.32,7
735,0.43,0.57,0.75,-0.17,5
736,0.62,0.38,0.96,-0.21,6
737,0.08,0.92,0.27,-0.09,1
738,0.09,0.91,0.27,-0.09,1
739,0.17,0.83,0.41,-0.11,2
740,0.52,0.48,0.94,-0.25,6
741,0.21,0.79,0.44,-0.11,2
742,0.28,0.72,0.58,-0.18,3
743,0.4,0.6,0.69,-0.19,4
744,0.81,0.19,1.24,-0.28,9
745,0.01,0.99,0.14,-0.05,1
746,0.65,0.35,1.03,-0.23,7
747,0.67,0.33,1.06,-0.26,7
748,0.8,0.2,1.27,-0.35,9
749,0.93,0.07,1.42,-0.34,10
750,0.02,0.98,0.17,-0.04,1
751,0.15,0.85,0.45,-0.12,2
752,0.89,0.11,1.36,-0.34,9
753,0.46,0.54,0.81,-0.19,5
754,0.56,0.44,0.93,-0.22,6
755,0.66,0.34,1.04,-0.24,7
756,0.68,0.32,1.09,-0.27,8
757,0.93,0.07,1.44,-0.39,10
758,1.0,0.0,1.41,-0.36,10
759,0.72,0.28,1.11,-0.22,8
760,0.29,0.71,0.56,-0.13,3
761,0.88,0.12,1.36,-0.29,9
762,0.05,0.95,0.32,-0.05,1
763,0.23,0.77,0.46,-0.11,3
764,0.9,0.1,1.34,-0.33,9
765,0.26,0.74,0.51,-0.13,3
766,0.22,0.78,0.45,-0.15,2
767,0.14,0.86,0.36,-0.09,2
768,0.86,0.14,1.36,-0.31,9
769,0.5,0.5,0.8,-0.21,5
770,0.67,0.33,1.1,-0.27,8
771,0.24,0.76,0.43,-0.09,2
772,0.76,0.24,1.16,-0.31,8
773,0.76,0.24,1.17,-0.3,8
774,0.31,0.69,0.69,-0.19,4
775,0.41,0.59,0.72,-0.2,5
776,0.21,0.79,0.36,-0.12,2
777,0.98,0.02,1.37,-0.36,10
778,0.65,0.35,1.04,-0.23,7
779,0.93,0.07,1.45,-0.38,10
780,0.3,0.7,0.61,-0.15,4
781,0.78,0.22,1.22,-0.32,8
782,0.77,0.23,1.25,-0.29,9
783,0.69,0.31,1.07,-0.24,7
784,0.97,0.03,1.5,-0.36,10
785,0.39,0.61,0.63,-0.15,4
786,0.13,0.87,0.32,-0.09,1
787,0.67,0.33,0.98,-0.27,7
788,0.73,0.27,1.13,-0.24,8
789,0.58,0.42,0.95,-0.25,6
790,0.21,0.79,0.47,-0.11,3
791,0.5,0.5,0.86,-0.19,6
792,0.31,0.69,0.56,-0.15,3
793,0.43,0.57,0.75,-0.17,5
794,0.65,0.35,0.96,-0.23,6
795,0.75,0.25,1.24,-0.27,9
796,0.23,0.77,0.49,-0.13,3
797,0.41,0.59,0.7,-0.2,4
798,0.27,0.73,0.63,-0.17,4
799,0.2,0.8,0.4,-0.09,2
800,0.78,0.22,1.16,-0.29,8
801,0.91,0.09,1.33,-0.34,9
802,0.37,0.63,0.68,-0.21,4
803,0.75,0.25,1.2,-0.29,8
804,0.9,0.1,1.4,-0.31,10
805,0.85,0.15,1.43,-0.35,10
806,0.18,0.82,0.33,-0.07,1
807,0.96,0.04,1.47,-0.36,10
808,0.38,0.62,0.66,-0.16,4
809,0.34,0.66,0.61,-0.13,4
810,0.06,0.94,0.25,-0.05,1
811,0.49,0.51,0.79,-0.2,5
812,0.11,0.89,0.43,-0.12,2
813,0.25,0.75,0.57,-0.15,3
814,0.32,0.68,0.61,-0.15,4
815,0.81,0.19,1.32,-0.34,9
816,0.88,0.12,1.26,-0.31,9
817,0.3,0.7,0.53,-0.12,3
818,0.86,0.14,1.21,-0.29,8
819,0.86,0.14,1.28,-0.29,9
820,0.76,0.24,1.2,-0.3,8
821,0.15,0.85,0.4,-0.13,2
822,0.69,0.31,1.1,-0.28,8
823,0.95,0.05,1.36,-0.34,9
824,0.68,0.32,1.13,-0.32,8
825,0.33,0.67,0.64,-0.13,4
826,0.5,0.5,0.89,-0.22,6
827,0.65,0.35,0.94,-0.23,6
828,0.51,0.49,0.88,-0.19,6
829,0.12,0.88,0.3,-0.09,1
830,0.31,0.69,0.59,-0.13,4
831,0.8,0.2,1.27,-0.32,9
832,0.86,0.14,1.32,-0.33,9
833,0.14,0.86,0.34,-0.1,2
834,0.95,0.05,1.44,-0.33,10
835,0.33,0.67,0.55,-0.15,3
836,0.66,0.34,1.12,-0.27,8
837,0.75,0.25,1.17,-0.33,8
838,0.81,0.19,1.31,-0.3,9
839,0.95,0.05,1.4,-0.33,10
840,0.31,0.69,0.58,-0.14,3
841,0.86,0.14,1.28,-0.32,9
842,0.13,0.87,0.42,-0.1,2
843,0.71,0.29,1.08,-0.22,7
844,0.74,0.26,1.2,-0.33,8
845,0.68,0.32,1.06,-0.25,7
846,0.25,0.75,0.43,-0.13,2
847,0.87,0.13,1.31,-0.33,9
848,0.17,0.83,0.36,-0.1,2
849,0.05,0.95,0.27,-0.08,1
850,0.72,0.28,1.07,-0.27,7
851,0.48,0.52,0.86,-0.24,6
852,0.85,0.15,1.3,-0.3,9
853,0.38,0.62,0.69,-0.21,4
854,0.17,0.83,0.45,-0.1,2
855,0.84,0.16,1.34,-0.34,9
856,0.55,0.45,0.91,-0.25,6
857,0.19,0.81,0.41,-0.1,2
858,0.72,0.28,1.05,-0.29,7
859,0.51,0.49,0.83,-0.21,6
860,0.6,0.4,0.95,-0.27,6
861,0.46,0.54,0.8,-0.19,5
862,0.83,0.17,1.26,-0.33,9
863,0.83,0.17,1.31,-0.34,9
864,0.71,0.29,1.09,-0.27,8
865,0.11,0.89,0.33,-0.1,2
866,0.84,0.16,1.35,-0.34,9
867,0.67,0.33,1.09,-0.3,7
868,0.7,0.3,1.1,-0.26,8
869,0.36,0.64,0.64,-0.13,4
870,0.88,0.12,1.31,-0.27,9
871,0.73,0.27,1.1,-0.27,8
872,0.11,0.89,0.32,-0.06,1
873,0.41,0.59,0.77,-0.23,5
874,0.89,0.11,1.34,-0.31,9
875,0.05,0.95,0.19,-0.03,1
876,0.96,0.04,1.54,-0.39,10
877,0.68,0.32,1.1,-0.25,8
878,0.63,0.37,0.95,-0.24,6
879,0.27,0.73,0.53,-0.14,3
880,0.25,0.75,0.53,-0.12,3
881,0.94,0.06,1.51,-0.4,10
882,0.3,0.7,0.53,-0.11,3
883,0.78,0.22,1.26,-0.34,9
884,0.39,0.61,0.78,-0.22,5
885,0.14,0.86,0.35,-0.11,2
886,0.01,0.99,0.2,-0.03,1
887,0.54,0.46,0.86,-0.23,6
888,0.98,0.02,1.46,-0.39,10
889,0.37,0.63,0.68,-0.18,4
890,0.36,0.64,0.7,-0.17,4
891,0.34,0.66,0.7,-0.2,4
892,0.52,0.48,0.84,-0.23,6
893,0.44,0.56,0.67,-0.13,4
894,0.88,0.12,1.34,-0.35,9
895,0.51,0.49,0.87,-0.22,6
896,0.51,0.49,0.87,-0.23,6
897,0.14,0.86,0.36,-0.1,2
898,0.98,0.02,1.48,-0.36,10
899,0.25,0.75,0.6,-0.13,4
900,0.07,0.93,0.31,-0.08,1
901,0.66,0.34,1.04,-0.29,7
902,0.6,0.4,0.95,-0.21,6
903,0.42,0.58,0.73,-0.18,5
904,0.42,0.58,0.83,-0.17,6
905,0.79,0.21,1.21,-0.35,8
906,0.2,0.8,0.45,-0.11,2
907,0.82,0.18,1.24,-0.27,9
908,0.65,0.35,1.1,-0.28,8
909,0.42,0.58,0.84,-0.22,6
910,0.46,0.54,0.82,-0.2,5
911,0.26,0.74,0.54,-0.15,3
912,0.75,0.25,1.18,-0.3,8
913,0.51,0.49,0.75,-0.19,5
914,0.32,0.68,0.65,-0.18,4
915,0.6,0.4,0.98,-0.22,7
916,1.0,0.0,1.52,-0.37,10
917,0.44,0.56,0.73,-0.18,5
918,0.92,0.08,1.38,-0.33,10
919,0.35,0.65,0.63,-0.16,4
920,0.05,0.95,0.32,-0.1,1
921,0.2,0.8,0.45,-0.12,2
922,0.42,0.58,0.85,-0.21,6
923,0.22,0.78,0.51,-0.15,3
924,0.0,1.0,0.14,-0.04,1
925,0.92,0.08,1.38,-0.36,10
926,0.84,0.16,1.26,-0.27,9
927,0.74,0.26,1.06,-0.32,7
928,0.17,0.83,0.5,-0.13,3
929,0.12,0.88,0.39,-0.06,2
930,0.07,0.93,0.31,-0.08,1
931,0.72,0.28,1.15,-0.27,8
932,0.93,0.07,1.34,-0.33,9
933,0.43,0.57,0.74,-0.2,5
934,0.12,0.88,0.4,-0.14,2
935,0.51,0.49,0.81,-0.2,5
936,0.35,0.65,0.53,-0.15,3
937,0.37,0.63,0.68,-0.18,4
938,0.62,0.38,1.0,-0.26,7
939,0.72,0.28,1.14,-0.25,8
940,0.11,0.89,0.38,-0.05,2
941,0.04,0.96,0.28,-0.07,1
942,0.99,0.01,1.51,-0.39,10
943,0.23,0.77,0.56,-0.16,3
944,0.05,0.95,0.19,-0.04,1
945,0.19,0.81,0.47,-0.08,3
946,0.04,0.96,0.28,-0.08,1
947,0.39,0.61,0.65,-0.21,4
948,0.8,0.2,1.17,-0.28,8
949,0.34,0.66,0.61,-0.13,4
950,0.44,0.56,0.74,-0.22,5
951,0.68,0.32,1.12,-0.28,8
952,0.51,0.49,0.83,-0.2,6
953,0.86,0.14,1.28,-0.32,9
954,0.87,0.13,1.3,-0.34,9
955,0.01,0.99,0.27,-0.05,1
956,0.78,0.22,1.21,-0.31,8
957,0.46,0.54,0.79,-0.23,5
958,0.99,0.01,1.48,-0.41,10
959,0.48,0.52,0.89,-0.2,6
960,0.99,0.01,1.45,-0.35,10
961,0.75,0.25,1.25,-0.31,9
962,0.25,0.75,0.53,-0.14,3
963,0.54,0.46,0.89,-0.23,6
964,0.99,0.01,1.61,-0.43,10
965,0.86,0.14,1.26,-0.32,9
966,0.1,0.9,0.31,-0.12,1
967,0.71,0.29,1.06,-0.28,7
968,0.35,0.65,0.7,-0.18,4
969,0.01,0.99,0.29,-0.06,1
970,0.4,0.6,0.81,-0.2,5
971,0.23,0.77,0.57,-0.13,3
972,0.82,0.18,1.25,-0.29,9
973,0.34,0.66,0.62,-0.13,4
974,0.83,0.17,1.19,-0.29,8
975,0.0,1.0,0.3,-0.08,1
976,0.31,0.69,0.62,-0.18,4
977,0.24,0.76,0.49,-0.11,3
978,0.23,0.77,0.57,-0.11,3
979,0.07,0.93,0.24,-0.05,1
980,0.19,0.81,0.46,-0.08,3
981,0.56,0.44,0.91,-0.26,6
982,0.29,0.71,0.61,-0.18,4
983,0.42,0.58,0.74,-0.17,5
984,0.38,0.62,0.62,-0.15,4
985,0.88,0.12,1.34,-0.31,9
986,0.91,0.09,1.43,-0.36,10
987,0.49,0.51,0.84,-0.23,6
988,0.33,0.67,0.67,-0.17,4
989,0.11,0.89,0.29,-0.1,1
990,0.95,0.05,1.44,-0.38,10
991,0.06,0.94,0.25,-0.04,1
992,0.3,0.7,0.62,-0.14,4
993,0.3,0.7,0.59,-0.14,4
994,0.32,0.68,0.65,-0.2,4
995,0.16,0.84,0.47,-0.12,3
996,0.78,0.22,1.25,-0.34,9
997,0.12,0.88,0.37,-0.07,2
998,0.63,0.37,0.98,-0.26,7
999,0.12,0.88,0.36,-0.11,2
1000,0.07,0.93,0.27,-0.07,1
1001,0.91,0.09,1.37,-0.35,9
1002,0.19,0.81,0.43,-0.08,2
1003,0.82,0.18,1.22,-0.32,8
1004,0.54,0.46,0.81,-0.23,5
1005,0.08,0.92,0.27,-0.11,1
1006,0.96,0.04,1.45,-0.36,10
1007,0.25,0.75,0.45,-0.12,2
1008,0.86,0.14,1.32,-0.36,9
1009,0.17,0.83,0.51,-0.1,3
1010,0.85,0.15,1.36,-0.33,9
1011,0.01,0.99,0.3,-0.08,1
1012,0.51,0.49,0.88,-0.19,6
1013,0.77,0.23,1.26,-0.3,9
1014,0.93,0.07,1.38,-0.36,10
1015,0.91,0.09,1.35,-0.36,9
1016,0.82,0.18,1.13,-0.27,8
1017,0.89,0.11,1.41,-0.35,10
1018,0.2,0.8,0.54,-0.13,3
1019,0.28,0.72,0.54,-0.15,3
1020,0.29,0.71,0.56,-0.13,3
1021,0.38,0.62,0.65,-0.18,4
1022,0.39,0.61,0.73,-0.18,5
1023,0.54,0.46,0.96,-0.21,7
1024,0.16,0.84,0.32,-0.09,1
1025,0.69,0.31,1.12,-0.31,8
1026,0.17,0.83,0.4,-0.12,2
1027,0.31,0.69,0.61,-0.13,4
1028,0.5,0.5,0.88,-0.21,6
1029,0.8,0.2,1.23,-0.31,8
1030,0.74,0.26,1.16,-0.3,8
1031,0.65,0.35,1.03,-0.25,7
1032,0.16,0.84,0.45,-0.13,2
1033,0.55,0.45,0.93,-0.23,6
1034,0.09,0.91,0.32,-0.1,1
1035,0.38,0.62,0.63,-0.17,4
1036,0.41,0.59,0.72,-0.19,5
1037,0.04,0.96,0.3,-0.08,1
1038,0.27,0.73,0.56,-0.14,3
1039,0.96,0.04,1.48,-0.36,10
1040,0.95,0.05,1.53,-0.46,10
1041,0.35,0.65,0.71,-0.19,4
1042,0.04,0.96,0.26,-0.07,1
1043,0.18,0.82,0.41,-0.07,2
1044,0.39,0.61,0.58,-0.17,4
1045,0.95,0.05,1.42,-0.35,10
1046,0.14,0.86,0.37,-0.06,2
1047,0.76,0.24,1.21,-0.33,8
1048,0.11,0.89,0.33,-0.08,2
1049,0.98,0.02,1.46,-0.38,10
1050,0.38,0.62,0.61,-0.16,4
1051,0.78,0.22,1.16,-0.31,8
1052,0.34,0.66,0.67,-0.18,4
1053,0.63,0.37,1.1,-0.22,8
1054,0.19,0.81,0.44,-0.09,2
1055,0.15,0.85,0.41,-0.08,2
1056,0.94,0.06,1.47,-0.36,10
1057,0.92,0.08,1.35,-0.37,9
1058,0.89,0.11,1.37,-0.34,10
1059,0.63,0.37,0.98,-0.22,7
1060,0.81,0.19,1.29,-0.34,9
1061,0.07,0.93,0.3,-0.06,1
1062,0.33,0.67,0.65,-0.15,4
1063,0.31,0.69,0.57,-0.11,3
1064,0.64,0.36,1.06,-0.27,7
1065,0.36,0.64,0.77,-0.21,5
1066,0.15,0.85,0.34,-0.09,2
1067,0.6,0.4,0.96,-0.21,6
1068,0.81,0.19,1.27,-0.35,9
1069,0.38,0.62,0.74,-0.23,5
1070,0.13,0.87,0.34,-0.08,2
1071,0.2,0.8,0.31,-0.09,1
1072,0.24,0.76,0.58,-0.14,3
1073,0.3,0.7,0.63,-0.14,4
1074,0.64,0.36,0.95,-0.25,6
1075,0.6,0.4,0.95,-0.28,6
1076,0.7,0.3,1.18,-0.25,8
1077,0.36,0.64,0.74,-0.21,5
1078,0.82,0.18,1.32,-0.35,9
1079,0.2,0.8,0.46,-0.09,2
1080,0.47,0.53,0.81,-0.21,5
1081,0.8,0.2,1.23,-0.31,9
1082,0.18,0.82,0.49,-0.11,3
1083,0.11,0.89,0.3,-0.05,1
1084,0.88,0.12,1.31,-0.33,9
1085,0.34,0.66,0.7,-0.14,4
1086,0.68,0.32,1.09,-0.31,7
1087,0.03,0.97,0.3,-0.06,1
1088,0.69,0.31,1.06,-0.28,7
1089,0.32,0.68,0.61,-0.12,4
1090,0.06,0.94,0.23,-0.05,1
1091,0.61,0.39,0.99,-0.26,7
1092,0.24,0.76,0.44,-0.1,2
1093,0.39,0.61,0.68,-0.15,4
1094,0.08,0.92,0.23,-0.05,1
1095,0.15,0.85,0.43,-0.13,2
1096,0.3,0.7,0.62,-0.17,4
1097,0.09,0.91,0.23,-0.06,1
1098,0.91,0.09,1.45,-0.36,10
1099,0.01,0.99,0.33,-0.07,2
1100,0.48,0.52,0.83,-0.25,6
1101,0.12,0.88,0.33,-0.08,2
1102,0.31,0.69,0.74,-0.19,5
1103,0.93,0.07,1.34,-0.35,9
1104,0.16,0.84,0.41,-0.12,2
1105,0.97,0.03,1.46,-0.37,10
1106,0.21,0.79,0.53,-0.21,3
1107,0.74,0.26,1.18,-0.31,8
1108,0.55,0.45,0.89,-0.24,6
1109,0.88,0.12,1.3,-0.31,9
1110,0.55,0.45,0.9,-0.24,6
1111,0.53,0.47,0.84,-0.22,6
1112,0.2,0.8,0.46,-0.08,2
1113,0.17,0.83,0.39,-0.08,2
1114,0.92,0.08,1.32,-0.31,9
1115,0.33,0.67,0.69,-0.18,4
1116,0.37,0.63,0.66,-0.15,4
1117,0.76,0.24,1.12,-0.29,8
1118,0.34,0.66,0.63,-0.16,4
1119,0.95,0.05,1.44,-0.35,10
1120,0.74,0.26,1.07,-0.28,7
1121,0.6,0.4,0.99,-0.22,7
1122,0.88,0.12,1.29,-0.33,9
1123,0.05,0.95,0.35,-0.08,2
1124,0.26,0.74,0.56,-0.11,3
1125,0.47,0.53,0.78,-0.18,5
1126,0.23,0.77,0.46,-0.14,3
1127,0.74,0.26,1.16,-0.28,8
1128,0.92,0.08,1.43,-0.34,10
1129,0.42,0.58,0.75,-0.17,5
1130,0.34,0.66,0.63,-0.18,4
1131,0.96,0.04,1.45,-0.38,10
1132,0.44,0.56,0.75,-0.17,5
1133,0.49,0.51,0.82,-0.22,5
1134,0.35,0.65,0.55,-0.14,3
1135,0.91,0.09,1.43,-0.33,10
1136,0.57,0.43,0.95,-0.24,6
1137,0.76,0.24,1.15,-0.3,8
1138,0.81,0.19,1.35,-0.36,9
1139,0.34,0.66,0.65,-0.16,4
1140,0.43,0.57,0.71,-0.2,5
1141,0.85,0.15,1.35,-0.34,9
1142,0.36,0.64,0.69,-0.17,4
1143,0.79,0.21,1.25,-0.29,9
1144,0.94,0.06,1.4,-0.34,10
1145,0.62,0.38,1.03,-0.27,7
1146,0.74,0.26,1.15,-0.26,8
1147,0.81,0.19,1.27,-0.32,9
1148,0.85,0.15,1.2,-0.33,8
1149,0.4,0.6,0.69,-0.18,4
1150,0.05,0.95,0.35,-0.06,2
1151,0.4,0.6,0.68,-0.17,4
1152,0.67,0.33,1.05,-0.26,7
1153,0.45,0.55,0.76,-0.16,5
1154,0.75,0.25,1.11,-0.31,8
1155,0.36,0.64,0.55,-0.16,3
1156,0.63,0.37,1.01,-0.29,7
1157,0.19,0.81,0.45,-0.1,2
1158,0.75,0.25,1.17,-0.29,8
1159,0.55,0.45,0.9,-0.19,6
1160,0.2,0.8,0.47,-0.11,3
1161,0.29,0.71,0.63,-0.17,4
1162,0.75,0.25,1.16,-0.29,8
1163,0.48,0.52,0.8,-0.2,5
1164,0.22,0.78,0.47,-0.15,3
1165,0.97,0.03,1.49,-0.32,10
1166,0.72,0.28,1.2,-0.29,8
1167,0.96,0.04,1.41,-0.35,10
1168,0.43,0.57,0.76,-0.18,5
1169,0.48,0.52,0.83,-0.19,6
1170,0.9,0.1,1.32,-0.33,9
1171,0.53,0.47,0.88,-0.23,6
1172,0.71,0.29,1.05,-0.25,7
1173,0.25,0.75,0.44,-0.1,2
1174,0.45,0.55,0.8,-0.22,5
1175,0.12,0.88,0.34,-0.06,2
1176,0.21,0.79,0.48,-0.11,3
1177,0.0,1.0,0.2,-0.04,1
1178,0.04,0.96,0.2,-0.02,1
1179,0.98,0.02,1.47,-0.37,10
1180,0.24,0.76,0.45,-0.11,2
1181,0.66,0.34,1.13,-0.27,8
1182,0.84,0.16,1.22,-0.32,8
1183,0.55,0.45,0.91,-0.23,6
1184,0.15,0.85,0.35,-0.08,2
1185,0.73,0.27,1.18,-0.31,8
1186,0.6,0.4,0.96,-0.19,6
1187,0.73,0.27,1.12,-0.31,8
1188,0.77,0.23,1.24,-0.34,9
1189,0.98,0.02,1.47,-0.34,10
1190,0.57,0.43,0.97,-0.23,7
1191,0.34,0.66,0.6,-0.17,4
1192,0.65,0.35,0.97,-0.23,7
1193,0.07,0.93,0.29,-0.04,1
1194,0.9,0.1,1.35,-0.34,9
1195,0.12,0.88,0.39,-0.04,2
1196,0.33,0.67,0.62,-0.19,4
1197,0.82,0.18,1.27,-0.3,9
1198,0.6,0.4,0.9,-0.2,6
1199,0.39,0.61,0.81,-0.18,5
1200,0.47,0.53,0.81,-0.21,5
1201,0.85,0.15,1.35,-0.34,9
1202,0.34,0.66,0.6,-0.14,4
1203,0.87,0.13,1.35,-0.32,9
1204,0.09,0.91,0.25,-0.05,1
1205,0.78,0.22,1.23,-0.29,8
1206,0.85,0.15,1.28,-0.34,9
1207,0.18,0.82,0.44,-0.11,2
1208,0.43,0.57,0.79,-0.22,5
1209,0.17,0.83,0.35,-0.1,2
1210,0.71,0.29,1.08,-0.25,7
1211,0.54,0.46,0.92,-0.23,6
1212,0.64,0.36,1.13,-0.23,8
1213,0.2,0.8,0.45,-0.11,2
1214,0.21,0.79,0.5,-0.13,3
1215,0.04,0.96,0.25,-0.06,1
1216,0.32,0.68,0.72,-0.19,5
1217,0.56,0.44,0.84,-0.21,6
1218,0.86,0.14,1.32,-0.31,9
1219,0.67,0.33,0.99,-0.24,7
1220,0.44,0.56,0.64,-0.18,4
1221,0.95,0.05,1.45,-0.38,10
1222,0.72,0.28,1.14,-0.29,8
1223,0.93,0.07,1.39,-0.35,10
1224,0.53,0.47,0.88,-0.2,6
1225,0.26,0.74,0.69,-0.2,4
1226,0.05,0.95,0.26,-0.07,1
1227,0.73,0.27,1.17,-0.29,8
1228,0.12,0.88,0.33,-0.12,1
1229,0.3,0.7,0.61,-0.17,4
1230,0.53,0.47,0.88,-0.23,6
1231,0.56,0.44,0.91,-0.24,6
1232,0.6,0.4,1.07,-0.26,7
1233,0.17,0.83,0.47,-0.12,3
1234,0.38,0.62,0.7,-0.19,4
1235,0.62,0.38,0.89,-0.21,6
1236,0.97,0.03,1.44,-0.33,10
1237,0.73,0.27,1.28,-0.29,9
1238,0.92,0.08,1.39,-0.39,10
1239,0.76,0.24,1.25,-0.3,9
1240,0.59,0.41,1.04,-0.26,7
1241,0.19,0.81,0.46,-0.11,3
1242,0.67,0.33,1.02,-0.26,7
1243,0.62,0.38,0.89,-0.22,6
1244,0.6,0.4,1.02,-0.25,7
1245,0.49,0.51,0.8,-0.21,5
1246,0.53,0.47,0.9,-0.24,6
1247,0.33,0.67,0.57,-0.15,3
1248,0.52,0.48,0.86,-0.21,6
1249,0.2,0.8,0.46,-0.1,3
1250,0.81,0.19,1.26,-0.3,9
1251,0.19,0.81,0.39,-0.11,2
1252,0.08,0.92,0.37,-0.09,2
1253,0.44,0.56,0.74,-0.17,5
1254,0.66,0.34,0.97,-0.22,7
1255,0.44,0.56,0.76,-0.19,5
1256,0.28,0.72,0.56,-0.14,3
1257,0.56,0.44,0.93,-0.23,6
1258,0.35,0.65,0.72,-0.2,5
1259,0.93,0.07,1.4,-0.35,10
1260,0.92,0.08,1.39,-0.33,10
1261,0.5,0.5,0.8,-0.19,5
1262,0.33,0.67,0.67,-0.17,4
1263,0.74,0.26,1.17,-0.29,8
1264,0.04,0.96,0.23,-0.07,1
1265,0.47,0.53,0.72,-0.17,5
1266,0.34,0.66,0.71,-0.18,4
1267,0.92,0.08,1.34,-0.34,9
1268,0.01,0.99,0.19,-0.05,1
1269,0.55,0.45,0.94,-0.24,6
1270,0.74,0.26,1.1,-0.28,8
1271,0.49,0.51,0.76,-0.18,5
1272,0.09,0.91,0.2,-0.06,1
1273,0.97,0.03,1.5,-0.34,10
1274,0.52,0.48,0.85,-0.18,6
1275,0.61,0.39,1.14,-0.3,8
1276,0.24,0.76,0.46,-0.11,3
1277,0.48,0.52,0.78,-0.21,5
1278,0.43,0.57,0.73,-0.19,5
1279,0.07,0.93,0.31,-0.04,1
1280,0.11,0.89,0.31,-0.08,1
1281,0.84,0.16,1.32,-0.32,9
1282,0.24,0.76,0.46,-0.1,3
1283,0.19,0.81,0.38,-0.12,2
1284,0.5,0.5,0.77,-0.21,5
1285,0.77,0.23,1.09,-0.3,7
1286,0.06,0.94,0.25,-0.08,1
1287,0.58,0.42,0.93,-0.29,6
1288,0.12,0.88,0.32,-0.07,1
1289,0.04,0.96,0.31,-0.04,1
1290,0.05,0.95,0.33,-0.08,2
1291,0.83,0.17,1.27,-0.35,9
1292,0.12,0.88,0.26,-0.08,1
1293,0.05,0.95,0.23,-0.07,1
1294,0.44,0.56,0.74,-0.21,5
1295,0.84,0.16,1.26,-0.3,9
1296,0.26,0.74,0.51,-0.11,3
1297,0.42,0.58,0.72,-0.2,5
1298,0.04,0.96,0.23,-0.04,1
1299,0.45,0.55,0.75,-0.16,5
1300,0.58,0.42,0.96,-0.2,6
1301,0.57,0.43,0.96,-0.18,6
1302,0.33,0.67,0.59,-0.16,4
1303,0.32,0.68,0.67,-0.11,4
1304,0.11,0.89,0.29,-0.08,1
1305,0.37,0.63,0.6,-0.16,4
1306,0.1,0.9,0.35,-0.08,2
1307,0.77,0.23,1.16,-0.3,8
1308,0.97,0.03,1.47,-0.36,10
1309,0.97,0.03,1.34,-0.36,9
1310,0.87,0.13,1.39,-0.35,10
1311,0.6,0.4,1.01,-0.23,7
1312,0.7,0.3,1.04,-0.26,7
1313,0.29,0.71,0.5,-0.12,3
1314,0.63,0.37,1.1,-0.27,8
1315,0.46,0.54,0.76,-0.17,5
1316,0.48,0.52,0.78,-0.23,5
1317,0.76,0.24,1.07,-0.26,7
1318,0.28,0.72,0.55,-0.14,3
1319,0.32,0.68,0.6,-0.15,4
1320,0.92,0.08,1.44,-0.34,10
1321,0.06,0.94,0.2,-0.07,1
1322,0.49,0.51,0.76,-0.21,5
1323,0.91,0.09,1.41,-0.39,10
1324,0.61,0.39,1.04,-0.27,7
1325,0.55,0.45,0.83,-0.18,6
1326,0.25,0.75,0.58,-0.15,3
1327,0.34,0.66,0.65,-0.19,4
1328,0.85,0.15,1.36,-0.35,9
1329,0.56,0.44,0.92,-0.26,6
1330,0.51,0.49,0.74,-0.21,5
1331,0.1,0.9,0.32,-0.07,1
1332,0.02,0.98,0.27,-0.09,1
1333,0.96,0.04,1.41,-0.33,10
1334,0.38,0.62,0.67,-0.17,4
1335,0.6,0.4,0.98,-0.24,7
1336,0.08,0.92,0.16,-0.05,1
1337,0.68,0.32,1.17,-0.28,8
1338,0.93,0.07,1.37,-0.33,10
1339,0.58,0.42,0.97,-0.24,7
1340,0.13,0.87,0.36,-0.08,2
1341,0.58,0.42,1.02,-0.26,7
1342,0.77,0.23,1.22,-0.29,8
1343,0.41,0.59,0.72,-0.19,5
1344,0.88,0.12,1.3,-0.32,9
1345,0.65,0.35,1.08,-0.28,7
1346,0.9,0.1,1.28,-0.33,9
1347,0.62,0.38,1.04,-0.27,7
1348,0.13,0.87,0.32,-0.07,1
1349,0.31,0.69,0.67,-0.14,4
1350,0.2,0.8,0.47,-0.09,3
1351,0.91,0.09,1.41,-0.38,10
1352,0.76,0.24,1.19,-0.27,8
1353,0.68,0.32,0.99,-0.25,7
1354,0.3,0.7,0.55,-0.13,3
1355,0.18,0.82,0.47,-0.14,3
1356,0.76,0.24,1.19,-0.3,8
1357,0.47,0.53,0.88,-0.21,6
1358,0.23,0.77,0.51,-0.16,3
1359,0.62,0.38,0.95,-0.23,6
1360,0.04,0.96,0.21,-0.03,1
1361,0.33,0.67,0.63,-0.16,4
1362,0.47,0.53,0.69,-0.15,4
1363,0.15,0.85,0.48,-0.12,3
1364,0.98,0.02,1.5,-0.36,10
1365,0.21,0.79,0.53,-0.18,3
1366,0.13,0.87,0.29,-0.02,1
1367,0.2,0.8,0.53,-0.1,3
1368,0.77,0.23,1.31,-0.33,9
1369,0.43,0.57,0.69,-0.21,4
1370,0.57,0.43,0.97,-0.24,7
1371,0.02,0.98,0.23,-0.09,1
1372,0.03,0.97,0.17,-0.03,1
1373,0.45,0.55,0.8,-0.19,5
1374,0.82,0.18,1.3,-0.34,9
1375,0.89,0.11,1.32,-0.31,9
1376,0.09,0.91,0.37,-0.08,2
1377,0.54,0.46,0.82,-0.18,5
1378,0.91,0.09,1.31,-0.33,9
1379,0.39,0.61,0.71,-0.21,5
1380,0.83,0.17,1.28,-0.3,9
1381,0.13,0.87,0.34,-0.09,2
1382,0.94,0.06,1.46,-0.39,10
1383,0.75,0.25,1.2,-0.27,8
1384,0.94,0.06,1.47,-0.32,10
1385,0.68,0.32,1.07,-0.27,7
1386,0.36,0.64,0.7,-0.13,4
1387,0.94,0.06,1.4,-0.35,10
1388,0.28,0.72,0.66,-0.17,4
1389,0.33,0.67,0.59,-0.16,4
1390,0.7,0.3,1.22,-0.27,8
1391,0.77,0.23,1.2,-0.31,8
1392,0.93,0.07,1.34,-0.32,9
1393,0.2,0.8,0.53,-0.14,3
1394,0.8,0.2,1.24,-0.32,9
1395,0.74,0.26,1.2,-0.28,8
1396,0.06,0.94,0.34,-0.09,2
1397,0.39,0.61,0.72,-0.19,5
1398,0.28,0.72,0.54,-0.11,3
1399,0.3,0.7,0.64,-0.13,4
1400,0.98,0.02,1.48,-0.36,10
1401,0.64,0.36,1.07,-0.28,7
1402,0.72,0.28,1.03,-0.27,7
1403,0.98,0.02,1.49,-0.37,10
1404,0.38,0.62,0.66,-0.16,4
1405,0.8,0.2,1.33,-0.35,9
1406,0.43,0.57,0.8,-0.18,5
1407,0.87,0.13,1.34,-0.33,9
1408,0.18,0.82,0.46,-0.15,3
1409,0.95,0.05,1.38,-0.36,10
1410,0.22,0.78,0.57,-0.15,3
1411,0.33,0.67,0.72,-0.18,5
1412,0.76,0.24,1.2,-0.26,8
1413,0.39,0.61,0.79,-0.19,5
1414,0.61,0.39,0.96,-0.26,6
1415,0.44,0.56,0.74,-0.18,5
1416,0.74,0.26,1.17,-0.3,8
1417,0.23,0.77,0.52,-0.12,3
1418,0.06,0.94,0.26,-0.05,1
1419,0.3,0.7,0.62,-0.13,4
1420,0.47,0.53,0.83,-0.21,6
1421,0.17,0.83,0.37,-0.06,2
1422,0.35,0.65,0.69,-0.15,4
1423,0.4,0.6,0.76,-0.2,5
1424,0.06,0.94,0.28,-0.03,1
1425,0.58,0.42,1.02,-0.25,7
1426,0.88,0.12,1.29,-0.34,9
1427,0.15,0.85,0.42,-0.07,2
1428,0.6,0.4,0.92,-0.19,6
1429,0.66,0.34,1.01,-0.25,7
1430,0.42,0.58,0.71,-0.19,5
1431,0.7,0.3,1.06,-0.27,7
1432,0.41,0.59,0.71,-0.16,4
1433,0.5,0.5,0.85,-0.19,6
1434,0.01,0.99,0.25,-0.05,1
1435,0.69,0.31,1.08,-0.27,7
1436,0.66,0.34,0.98,-0.22,7
1437,0.04,0.96,0.31,-0.08,1
1438,0.37,0.63,0.64,-0.14,4
1439,0.98,0.02,1.47,-0.37,10
1440,0.42,0.58,0.77,-0.18,5
1441,0.5,0.5,0.86,-0.22,6
1442,0.91,0.09,1.44,-0.36,10
1443,0.72,0.28,1.16,-0.3,8
1444,0.58,0.42,0.91,-0.2,6
1445,0.8,0.2,1.35,-0.35,9
1446,0.86,0.14,1.33,-0.35,9
1447,0.46,0.54,0.79,-0.15,5
1448,0.48,0.52,0.87,-0.2,6
1449,0.39,0.61,0.71,-0.23,5
1450,0.97,0.03,1.48,-0.38,10
1451,0.7,0.3,1.23,-0.34,8
1452,0.08,0.92,0.29,-0.09,1
1453,0.86,0.14,1.31,-0.39,9
1454,0.48,0.52,0.83,-0.21,6
1455,0.07,0.93,0.34,-0.11,2
1456,0.55,0.45,0.84,-0.21,6
1457,0.42,0.58,0.64,-0.19,4
1458,0.88,0.12,1.31,-0.33,9
1459,0.2,0.8,0.38,-0.1,2
1460,0.83,0.17,1.25,-0.28,9
1461,0.56,0.44,0.95,-0.21,6
1462,0.05,0.95,0.23,-0.04,1
1463,0.97,0.03,1.39,-0.35,10
1464,0.51,0.49,0.87,-0.18,6
1465,0.29,0.71,0.62,-0.19,4
1466,0.47,0.53,0.73,-0.21,5
1467,0.86,0.14,1.36,-0.34,9
1468,0.3,0.7,0.64,-0.11,4
1469,0.19,0.81,0.5,-0.13,3
1470,0.13,0.87,0.43,-0.11,2
1471,0.3,0.7,0.7,-0.2,4
1472,0.78,0.22,1.2,-0.28,8
1473,0.47,0.53,0.82,-0.19,5
1474,0.23,0.77,0.47,-0.1,3
1475,0.17,0.83,0.42,-0.12,2
1476,0.33,0.67,0.71,-0.19,4
1477,0.94,0.06,1.35,-0.36,9
1478,0.34,0.66,0.6,-0.15,4
1479,0.99,0.01,1.55,-0.41,10
1480,0.49,0.51,0.88,-0.24,6
1481,0.18,0.82,0.41,-0.11,2
1482,0.89,0.11,1.4,-0.36,10
1483,0.46,0.54,0.82,-0.21,5
1484,0.71,0.29,1.2,-0.29,8
1485,0.98,0.02,1.48,-0.37,10
1486,0.05,0.95,0.32,-0.08,1
1487,0.1,0.9,0.46,-0.11,3
1488,0.72,0.28,1.17,-0.31,8
1489,0.28,0.72,0.57,-0.14,3
1490,0.18,0.82,0.48,-0.12,3
1491,0.04,0.96,0.23,-0.09,1
1492,0.02,0.98,0.35,-0.07,2
1493,0.77,0.23,1.22,-0.32,8
1494,0.13,0.87,0.36,-0.09,2
1495,0.47,0.53,0.77,-0.17,5
1496,0.61,0.39,1.04,-0.24,7
1497,0.43,0.57,0.8,-0.2,5
1498,0.03,0.97,0.21,-0.06,1
1499,0.78,0.22,1.25,-0.29,9
1500,0.01,0.99,0.14,-0.02,1
1501,0.76,0.24,1.2,-0.31,8
1502,0.89,0.11,1.38,-0.36,10
1503,0.43,0.57,0.85,-0.25,6
1504,0.54,0.46,0.86,-0.21,6
1505,0.48,0.52,0.76,-0.19,5
1506,0.39,0.61,0.66,-0.14,4
1507,0.89,0.11,1.29,-0.31,9
1508,0.89,0.11,1.43,-0.33,10
1509,0.34,0.66,0.71,-0.19,5
1510,0.62,0.38,1.02,-0.23,7
1511,0.93,0.07,1.47,-0.38,10
1512,0.96,0.04,1.46,-0.35,10
1513,0.51,0.49,0.86,-0.24,6
1514,0.45,0.55,0.77,-0.19,5
1515,0.28,0.72,0.55,-0.18,3
1516,0.96,0.04,1.37,-0.35,10
1517,0.14,0.86,0.4,-0.09,2
1518,0.58,0.42,0.95,-0.25,6
1519,0.28,0.72,0.6,-0.17,4
1520,0.28,0.72,0.57,-0.12,3
1521,0.4,0.6,0.72,-0.18,5
1522,1.0,0.0,1.45,-0.37,10
1523,0.05,0.95,0.28,-0.07,1
1524,0.58,0.42,0.99,-0.19,7
1525,0.08,0.92,0.25,-0.04,1
1526,0.15,0.85,0.41,-0.08,2
1527,0.44,0.56,0.78,-0.19,5
1528,0.51,0.49,0.83,-0.2,5
1529,0.26,0.74,0.51,-0.17,3
1530,0.32,0.68,0.62,-0.17,4
1531,0.09,0.91,0.26,-0.07,1
1532,0.3,0.7,0.61,-0.19,4
1533,0.97,0.03,1.41,-0.38,10
1534,0.94,0.06,1.48,-0.41,10
1535,0.33,0.67,0.75,-0.19,5
1536,0.57,0.43,0.9,-0.21,6
1537,0.91,0.09,1.41,-0.33,10
1538,0.01,0.99,0.17,-0.03,1
1539,0.81,0.19,1.31,-0.35,9
1540,0.95,0.05,1.37,-0.38,10
1541,0.09,0.91,0.34,-0.12,2
1542,0.16,0.84,0.37,-0.12,2
1543,0.96,0.04,1.44,-0.38,10
1544,0.54,0.46,0.85,-0.22,6
1545,0.01,0.99,0.26,-0.09,1
1546,0.26,0.74,0.49,-0.12,3
1547,0.45,0.55,0.81,-0.21,5
1548,0.69,0.31,1.08,-0.27,7
1549,0.73,0.27,1.15,-0.26,8
1550,1.0,0.0,1.5,-0.4,10
1551,0.29,0.71,0.54,-0.13,3
1552,0.54,0.46,0.91,-0.23,6
1553,0.53,0.47,0.97,-0.25,7
1554,0.41,0.59,0.69,-0.15,4
1555,0.17,0.83,0.48,-0.1,3
1556,0.98,0.02,1.55,-0.41,10
1557,0.85,0.15,1.27,-0.32,9
1558,0.5,0.5,0.78,-0.19,5
1559,0.6,0.4,1.0,-0.26,7
1560,0.23,0.77,0.47,-0.11,3
1561,0.54,0.46,1.0,-0.24,7
1562,0.69,0.31,1.11,-0.24,8
1563,0.52,0.48,0.83,-0.24,6
1564,0.99,0.01,1.43,-0.36,10
1565,0.61,0.39,1.05,-0.28,7
1566,0.37,0.63,0.65,-0.15,4
1567,0.77,0.23,1.21,-0.33,8
1568,0.17,0.83,0.47,-0.11,3
1569,0.38,0.62,0.68,-0.18,4
1570,0.35,0.65,0.65,-0.18,4
1571,0.43,0.57,0.76,-0.22,5
1572,0.78,0.22,1.25,-0.32,9
1573,0.48,0.52,0.86,-0.19,6
1574,0.79,0.21,1.22,-0.31,8
1575,0.58,0.42,0.95,-0.23,6
1576,0.34,0.66,0.63,-0.12,4
1577,0.81,0.19,1.18,-0.29,8
1578,0.24,0.76,0.52,-0.14,3
1579,0.22,0.78,0.59,-0.14,4
1580,0.5,0.5,0.81,-0.21,5
1581,0.26,0.74,0.5,-0.14,3
1582,0.01,0.99,0.17,-0.07,1
1583,0.65,0.35,1.08,-0.25,7
1584,0.51,0.49,0.89,-0.23,6
1585,0.45,0.55,0.77,-0.19,5
1586,0.97,0.03,1.41,-0.37,10
1587,0.57,0.43,0.95,-0.23,6
1588,0.86,0.14,1.24,-0.33,9
1589,0.14,0.86,0.39,-0.1,2
1590,0.57,0.43,0.98,-0.23,7
1591,0.87,0.13,1.27,-0.3,9
1592,0.58,0.42,0.88,-0.22,6
1593,0.72,0.28,1.21,-0.34,8
1594,0.37,0.63,0.65,-0.1,4
1595,0.09,0.91,0.38,-0.06,2
1596,0.46,0.54,0.79,-0.18,5
1597,0.39,0.61,0.7,-0.19,4
1598,0.87,0.13,1.35,-0.34,9
1599,0.24,0.76,0.47,-0.13,3
1600,0.97,0.03,1.46,-0.34,10
1601,0.96,0.04,1.43,-0.35,10
1602,0.25,0.75,0.46,-0.13,2
1603,0.35,0.65,0.67,-0.18,4
1604,0.9,0.1,1.35,-0.32,9
1605,0.97,0.03,1.45,-0.33,10
1606,0.44,0.56,0.72,-0.15,5
1607,0.32,0.68,0.7,-0.16,4
1608,0.53,0.47,0.93,-0.24,6
1609,0.69,0.31,1.14,-0.35,8
1610,0.27,0.73,0.54,-0.13,3
1611,0.74,0.26,1.07,-0.27,7
1612,0.05,0.95,0.36,-0.09,2
1613,0.05,0.95,0.26,-0.06,1
1614,0.39,0.61,0.66,-0.19,4
1615,0.35,0.65,0.68,-0.16,4
1616,0.32,0.68,0.67,-0.15,4
1617,0.49,0.51,0.84,-0.2,6
1618,0.32,0.68,0.68,-0.15,4
1619,0.19,0.81,0.5,-0.11,3
1620,0.31,0.69,0.55,-0.15,3
1621,0.97,0.03,1.43,-0.36,10
1622,0.41,0.59,0.78,-0.19,5
1623,0.44,0.56,0.64,-0.16,4
1624,0.58,0.42,0.94,-0.22,6
1625,0.98,0.02,1.41,-0.34,10
1626,0.24,0.76,0.49,-0.08,3
1627,0.68,0.32,1.07,-0.22,7
1628,0.72,0.28,1.11,-0.28,8
1629,0.61,0.39,0.96,-0.32,6
1630,0.09,0.91,0.26,-0.04,1
1631,0.68,0.32,1.19,-0.31,8
1632,0.06,0.94,0.38,-0.11,2
1633,0.6,0.4,0.92,-0.24,6
1634,0.74,0.26,1.24,-0.32,9
1635,0.21,0.79,0.45,-0.1,2
1636,0.84,0.16,1.3,-0.36,9
1637,0.03,0.97,0.24,-0.08,1
1638,0.84,0.16,1.26,-0.31,9
1639,0.46,0.54,0.85,-0.2,6
1640,0.22,0.78,0.49,-0.11,3
1641,0.13,0.87,0.35,-0.1,2
1642,0.95,0.05,1.37,-0.36,10
1643,0.07,0.93,0.25,-0.07,1
1644,0.2,0.8,0.38,-0.09,2
1645,0.35,0.65,0.65,-0.13,4
1646,0.62,0.38,0.95,-0.28,6
1647,0.54,0.46,0.89,-0.23,6
1648,0.13,0.87,0.43,-0.13,2
1649,0.29,0.71,0.64,-0.19,4
1650,0.24,0.76,0.51,-0.11,3
1651,0.21,0.79,0.47,-0.11,3
1652,0.41,0.59,0.83,-0.2,5
1653,0.7,0.3,1.14,-0.27,8
1654,0.22,0.78,0.47,-0.13,3
1655,0.37,0.63,0.61,-0.16,4
1656,0.39,0.61,0.73,-0.14,5
1657,0.98,0.02,1.51,-0.38,10
1658,0.95,0.05,1.41,-0.34,10
1659,0.8,0.2,1.25,-0.31,9
1660,0.24,0.76,0.5,-0.16,3
1661,0.07,0.93,0.28,-0.11,1
1662,0.32,0.68,0.49,-0.13,3
1663,0.27,0.73,0.54,-0.11,3
1664,0.51,0.49,0.91,-0.21,6
1665,0.78,0.22,1.18,-0.28,8
1666,0.86,0.14,1.32,-0.35,9
1667,0.84,0.16,1.26,-0.28,9
1668,0.36,0.64,0.69,-0.19,4
1669,0.69,0.31,1.08,-0.27,7
1670,0.31,0.69,0.56,-0.14,3
1671,0.06,0.94,0.35,-0.09,2
1672,0.7,0.3,1.16,-0.26,8
1673,0.01,0.99,0.18,-0.06,1
1674,0.41,0.59,0.76,-0.22,5
1675,0.33,0.67,0.66,-0.16,4
1676,0.69,0.31,1.13,-0.29,8
1677,0.77,0.23,1.11,-0.21,8
1678,0.3,0.7,0.65,-0.15,4
1679,0.81,0.19,1.23,-0.31,8
1680,0.29,0.71,0.56,-0.16,3
1681,0.45,0.55,0.91,-0.27,6
1682,0.73,0.27,1.16,-0.31,8
1683,0.69,0.31,1.08,-0.27,7
1684,0.99,0.01,1.37,-0.31,10
1685,0.23,0.77,0.56,-0.12,3
1686,0.66,0.34,0.99,-0.24,7
1687,0.61,0.39,0.94,-0.24,6
1688,0.92,0.08,1.37,-0.34,10
1689,0.16,0.84,0.47,-0.13,3
1690,0.75,0.25,1.22,-0.27,8
1691,0.57,0.43,0.93,-0.24,6
1692,0.27,0.73,0.57,-0.14,3
1693,0.47,0.53,0.79,-0.24,5
1694,0.33,0.67,0.64,-0.16,4
1695,0.58,0.42,0.96,-0.22,6
1696,0.89,0.11,1.4,-0.37,10
1697,0.57,0.43,0.99,-0.26,7
1698,0.63,0.37,1.05,-0.25,7
1699,0.52,0.48,0.86,-0.24,6
1700,0.05,0.95,0.3,-0.05,1
1701,0.23,0.77,0.5,-0.14,3
1702,0.49,0.51,0.79,-0.2,5
1703,0.31,0.69,0.58,-0.17,4
1704,0.18,0.82,0.44,-0.1,2
1705,0.5,0.5,0.9,-0.18,6
1706,0.32,0.68,0.61,-0.14,4
1707,0.26,0.74,0.48,-0.14,3
1708,0.46,0.54,0.81,-0.18,5
1709,0.13,0.87,0.38,-0.1,2
1710,0.93,0.07,1.42,-0.33,10
1711,0.87,0.13,1.37,-0.33,10
1712,0.71,0.29,1.17,-0.35,8
1713,0.11,0.89,0.31,-0.1,1
1714,0.78,0.22,1.18,-0.28,8
1715,0.81,0.19,1.2,-0.3,8
1716,0.77,0.23,1.23,-0.33,8
1717,0.11,0.89,0.42,-0.12,2
1718,0.64,0.36,1.02,-0.29,7
1719,0.83,0.17,1.27,-0.32,9
1720,0.58,0.42,1.02,-0.21,7
1721,0.65,0.35,1.07,-0.25,7
1722,0.46,0.54,0.82,-0.16,5
1723,0.53,0.47,0.83,-0.19,5
1724,0.03,0.97,0.28,-0.05,1
1725,0.64,0.36,0.98,-0.21,7
1726,0.08,0.92,0.25,-0.05,1
1727,0.44,0.56,0.75,-0.19,5
1728,0.29,0.71,0.55,-0.12,3
1729,0.55,0.45,0.9,-0.2,6
1730,0.13,0.87,0.3,-0.08,1
1731,0.69,0.31,1.15,-0.3,8
1732,0.8,0.2,1.29,-0.32,9
1733,0.16,0.84,0.31,-0.06,1
1734,0.1,0.9,0.38,-0.08,2
1735,0.15,0.85,0.35,-0.12,2
1736,0.88,0.12,1.38,-0.31,10
1737,0.53,0.47,0.88,-0.23,6
1738,0.47,0.53,0.81,-0.21,5
1739,0.11,0.89,0.33,-0.1,2
1740,0.65,0.35,1.11,-0.22,8
1741,0.87,0.13,1.27,-0.31,9
1742,0.83,0.17,1.31,-0.34,9
1743,0.63,0.37,1.07,-0.25,7
1744,0.08,0.92,0.33,-0.07,2
1745,0.11,0.89,0.46,-0.12,3
1746,0.05,0.95,0.24,-0.04,1
1747,0.26,0.74,0.58,-0.16,4
1748,0.14,0.86,0.37,-0.1,2
1749,0.26,0.74,0.6,-0.19,4
1750,0.39,0.61,0.7,-0.2,4
1751,0.94,0.06,1.41,-0.32,10
1752,0.61,0.39,1.06,-0.23,7
1753,0.83,0.17,1.26,-0.31,9
1754,0.71,0.29,1.05,-0.23,7
1755,0.11,0.89,0.32,-0.08,1
1756,0.74,0.26,1.19,-0.3,8
1757,0.28,0.72,0.63,-0.16,4
1758,0.64,0.36,1.04,-0.26,7
1759,0.34,0.66,0.71,-0.18,4
1760,1.0,0.0,1.43,-0.33,10
1761,0.26,0.74,0.52,-0.13,3
1762,0.28,0.72,0.55,-0.12,3
1763,0.93,0.07,1.4,-0.33,10
1764,0.02,0.98,0.24,-0.05,1
1765,0.7,0.3,1.14,-0.3,8
1766,0.73,0.27,1.12,-0.31,8
1767,0.84,0.16,1.29,-0.32,9
1768,0.97,0.03,1.46,-0.37,10
1769,0.98,0.02,1.42,-0.35,10
1770,0.07,0.93,0.28,-0.07,1
1771,0.82,0.18,1.26,-0.26,9
1772,0.65,0.35,1.03,-0.28,7
1773,0.65,0.35,1.04,-0.3,7
1774,0.13,0.87,0.37,-0.09,2
1775,0.65,0.35,1.02,-0.26,7
1776,0.98,0.02,1.54,-0.38,10
1777,0.91,0.09,1.33,-0.32,9
1778,0.44,0.56,0.73,-0.16,5
1779,0.04,0.96,0.39,-0.13,2
1780,0.36,0.64,0.62,-0.17,4
1781,0.83,0.17,1.21,-0.29,8
1782,0.7,0.3,1.15,-0.27,8
1783,0.46,0.54,0.69,-0.13,4
1784,0.06,0.94,0.26,-0.05,1
1785,0.43,0.57,0.86,-0.22,6
1786,0.47,0.53,0.73,-0.2,5
1787,0.93,0.07,1.31,-0.34,9
1788,0.64,0.36,0.96,-0.25,6
1789,0.31,0.69,0.65,-0.15,4
1790,0.53,0.47,0.94,-0.23,6
1791,0.07,0.93,0.26,-0.09,1
1792,0.97,0.03,1.5,-0.38,10
1793,0.36,0.64,0.74,-0.17,5
1794,0.48,0.52,0.91,-0.22,6
1795,0.36,0.64,0.65,-0.15,4
1796,0.68,0.32,0.97,-0.24,7
1797,0.66,0.34,1.02,-0.22,7
1798,0.72,0.28,1.11,-0.27,8
1799,0.27,0.73,0.54,-0.14,3
1800,0.32,0.68,0.6,-0.17,4
1801,0.13,0.87,0.42,-0.1,2
1802,0.66,0.34,1.12,-0.33,8
1803,0.04,0.96,0.24,-0.06,1
1804,0.6,0.4,1.03,-0.26,7
1805,0.87,0.13,1.35,-0.36,9
1806,0.89,0.11,1.36,-0.36,9
1807,0.45,0.55,0.83,-0.19,5
1808,0.46,0.54,0.8,-0.2,5
1809,0.08,0.92,0.4,-0.1,2
1810,0.67,0.33,1.0,-0.24,7
1811,0.82,0.18,1.24,-0.31,9
1812,0.24,0.76,0.51,-0.1,3
1813,0.42,0.58,0.77,-0.19,5
1814,0.84,0.16,1.35,-0.37,9
1815,0.88,0.12,1.34,-0.3,9
1816,0.24,0.76,0.45,-0.1,2
1817,0.55,0.45,0.96,-0.25,6
1818,0.19,0.81,0.49,-0.15,3
1819,0.1,0.9,0.24,-0.05,1
1820,0.91,0.09,1.38,-0.35,10
1821,0.82,0.18,1.19,-0.27,8
1822,0.76,0.24,1.15,-0.3,8
1823,0.05,0.95,0.22,-0.07,1
1824,0.84,0.16,1.34,-0.32,9
1825,0.44,0.56,0.78,-0.18,5
1826,0.34,0.66,0.58,-0.14,3
1827,0.55,0.45,0.95,-0.23,6
1828,0.09,0.91,0.25,-0.06,1
1829,0.76,0.24,1.2,-0.3,8
1830,0.58,0.42,0.92,-0.21,6
1831,0.19,0.81,0.42,-0.09,2
1832,0.19,0.81,0.47,-0.12,3
1833,0.18,0.82,0.47,-0.09,3
1834,0.06,0.94,0.34,-0.13,2
1835,0.59,0.41,0.96,-0.2,6
1836,0.84,0.16,1.31,-0.36,9
1837,0.02,0.98,0.2,-0.06,1
1838,0.05,0.95,0.27,-0.07,1
1839,0.57,0.43,0.97,-0.24,7
1840,0.82,0.18,1.26,-0.29,9
1841,0.33,0.67,0.53,-0.15,3
1842,0.35,0.65,0.67,-0.16,4
1843,0.6,0.4,0.99,-0.26,7
1844,0.27,0.73,0.52,-0.12,3
1845,0.03,0.97,0.17,-0.04,1
1846,0.74,0.26,1.23,-0.31,8
1847,0.63,0.37,1.04,-0.27,7
1848,0.58,0.42,0.94,-0.25,6
1849,0.74,0.26,1.11,-0.27,8
1850,0.68,0.32,1.04,-0.24,7
1851,0.21,0.79,0.53,-0.15,3
1852,0.35,0.65,0.67,-0.18,4
1853,0.13,0.87,0.34,-0.07,2
1854,0.13,0.87,0.39,-0.1,2
1855,0.68,0.32,1.04,-0.24,7
1856,0.86,0.14,1.39,-0.37,10
1857,0.96,0.04,1.52,-0.42,10
1858,0.63,0.37,0.99,-0.26,7
1859,0.18,0.82,0.41,-0.12,2
1860,0.11,0.89,0.21,-0.05,1
1861,0.81,0.19,1.18,-0.31,8
1862,0.58,0.42,0.89,-0.21,6
1863,0.62,0.38,1.01,-0.26,7
1864,0.78,0.22,1.2,-0.3,8
1865,0.7,0.3,1.05,-0.26,7
1866,0.83,0.17,1.27,-0.31,9
1867,0.06,0.94,0.3,-0.08,1
1868,0.75,0.25,1.2,-0.29,8
1869,0.85,0.15,1.21,-0.32,8
1870,0.29,0.71,0.57,-0.11,3
1871,0.64,0.36,0.96,-0.25,6
1872,0.31,0.69,0.65,-0.19,4
1873,0.96,0.04,1.48,-0.37,10
1874,0.03,0.97,0.2,-0.07,1
1875,0.58,0.42,0.92,-0.22,6
1876,0.17,0.83,0.39,-0.05,2
1877,0.71,0.29,1.01,-0.27,7
1878,0.18,0.82,0.45,-0.1,2
1879,0.24,0.76,0.49,-0.16,3
1880,0.49,0.51,0.89,-0.21,6
1881,0.91,0.09,1.33,-0.35,9
1882,0.21,0.79,0.44,-0.12,2
1883,0.14,0.86,0.31,-0.1,1
1884,0.76,0.24,1.14,-0.27,8
1885,0.5,0.5,0.79,-0.18,5
1886,0.91,0.09,1.44,-0.36,10
1887,0.15,0.85,0.36,-0.11,2
1888,0.65,0.35,1.05,-0.23,7
1889,0.23,0.77,0.48,-0.14,3
1890,0.16,0.84,0.34,-0.13,2
1891,0.68,0.32,1.08,-0.26,7
1892,0.59,0.41,1.0,-0.27,7
1893,0.75,0.25,1.12,-0.26,8
1894,0.31,0.69,0.64,-0.17,4
1895,0.45,0.55,0.74,-0.17,5
1896,0.41,0.59,0.7,-0.15,4
1897,0.98,0.02,1.51,-0.4,10
1898,0.29,0.71,0.55,-0.15,3
1899,0.29,0.71,0.59,-0.15,4
1900,0.35,0.65,0.65,-0.13,4
1901,0.56,0.44,0.94,-0.25,6
1902,0.25,0.75,0.41,-0.11,2
1903,0.92,0.08,1.3,-0.32,9
1904,0.27,0.73,0.58,-0.16,3
1905,0.9,0.1,1.42,-0.35,10
1906,0.1,0.9,0.29,-0.1,1
1907,0.66,0.34,1.04,-0.22,7
1908,0.91,0.09,1.39,-0.38,10
1909,0.17,0.83,0.45,-0.12,2
1910,0.97,0.03,1.36,-0.34,9
1911,0.45,0.55,0.74,-0.15,5
1912,0.95,0.05,1.41,-0.38,10
1913,0.68,0.32,1.12,-0.24,8
1914,0.3,0.7,0.72,-0.16,5
1915,0.19,0.81,0.43,-0.1,2
1916,0.3,0.7,0.52,-0.15,3
1917,0.09,0.91,0.34,-0.07,2
1918,0.14,0.86,0.45,-0.13,2
1919,0.1,0.9,0.34,-0.06,2
1920,0.42,0.58,0.7,-0.2,4
1921,0.8,0.2,1.28,-0.32,9
1922,0.14,0.86,0.42,-0.12,2
1923,0.13,0.87,0.32,-0.1,1
1924,0.64,0.36,1.06,-0.25,7
1925,0.2,0.8,0.51,-0.12,3
1926,0.1,0.9,0.39,-0.07,2
1927,0.17,0.83,0.41,-0.14,2
1928,0.92,0.08,1.38,-0.32,10
1929,0.82,0.18,1.33,-0.28,9
1930,0.35,0.65,0.6,-0.16,4
1931,0.66,0.34,1.07,-0.23,7
1932,0.54,0.46,0.83,-0.21,6
1933,0.68,0.32,1.13,-0.31,8
1934,0.68,0.32,1.07,-0.27,7
1935,0.63,0.37,1.08,-0.25,7
1936,0.27,0.73,0.57,-0.16,3
1937,0.04,0.96,0.19,-0.06,1
1938,0.46,0.54,0.86,-0.2,6
1939,0.89,0.11,1.44,-0.36,10
1940,0.57,0.43,0.98,-0.23,7
1941,0.83,0.17,1.24,-0.31,9
1942,0.99,0.01,1.47,-0.36,10
1943,0.16,0.84,0.42,-0.11,2
1944,0.69,0.31,1.06,-0.26,7
1945,0.67,0.33,1.16,-0.31,8
1946,0.98,0.02,1.48,-0.34,10
1947,0.99,0.01,1.35,-0.35,9
1948,0.69,0.31,1.11,-0.25,8
1949,0.24,0.76,0.5,-0.13,3
1950,0.8,0.2,1.23,-0.3,8
1951,0.11,0.89,0.32,-0.09,1
1952,0.78,0.22,1.26,-0.33,9
1953,0.91,0.09,1.44,-0.39,10
1954,0.38,0.62,0.71,-0.2,5
1955,0.63,0.37,1.0,-0.26,7
1956,0.43,0.57,0.76,-0.19,5
1957,0.44,0.56,0.77,-0.17,5
1958,0.31,0.69,0.56,-0.15,3
1959,0.76,0.24,1.22,-0.32,8
1960,0.94,0.06,1.44,-0.39,10
1961,0.94,0.06,1.5,-0.37,10
1962,0.17,0.83,0.49,-0.09,3
1963,0.87,0.13,1.3,-0.3,9
1964,0.74,0.26,1.2,-0.29,8
1965,0.25,0.75,0.48,-0.11,3
1966,0.07,0.93,0.32,-0.05,1
1967,0.27,0.73,0.52,-0.12,3
1968,0.91,0.09,1.33,-0.32,9
1969,0.63,0.37,1.04,-0.27,7
1970,0.72,0.28,1.0,-0.28,7
1971,0.26,0.74,0.45,-0.13,2
1972,0.72,0.28,1.13,-0.28,8
1973,0.03,0.97,0.24,-0.06,1
1974,0.38,0.62,0.67,-0.13,4
1975,0.63,0.37,0.94,-0.23,6
1976,0.15,0.85,0.35,-0.06,2
1977,0.82,0.18,1.29,-0.33,9
1978,0.24,0.76,0.53,-0.14,3
1979,0.65,0.35,1.05,-0.29,7
1980,0.41,0.59,0.78,-0.21,5
1981,0.6,0.4,0.99,-0.24,7
1982,0.11,0.89,0.3,-0.08,1
1983,0.02,0.98,0.21,-0.03,1
1984,0.91,0.09,1.31,-0.32,9
1985,0.27,0.73,0.55,-0.14,3
1986,0.82,0.18,1.32,-0.29,9
1987,1.0,0.0,1.53,-0.39,10
1988,0.21,0.79,0.54,-0.11,3
1989,0.27,0.73,0.53,-0.14,3
1990,0.66,0.34,1.13,-0.27,8
1991,0.97,0.03,1.45,-0.34,10
1992,0.92,0.08,1.46,-0.36,10
1993,0.5,0.5,0.85,-0.26,6
1994,0.8,0.2,1.27,-0.32,9
1995,0.14,0.86,0.45,-0.09,2
1996,0.98,0.02,1.46,-0.35,10
1997,0.96,0.04,1.46,-0.36,10
1998,0.16,0.84,0.48,-0.15,3
1999,0.3,0.7,0.58,-0.16,4
2000,0.1,0.9,0.26,-0.06,1
